INSERT INTO CLIENTE (Id,Nombre,Correo,Telefono,TipoMiembro) VALUES ('12961','Jana Reid','Cally@nibh.gov','7268811','Profesor');
INSERT INTO CLIENTE (Id,Nombre,Correo,Telefono,TipoMiembro) VALUES ('13400','Guy Kidd','Portia@fermentum.com','4543422','Empleado');
INSERT INTO CLIENTE (Id,Nombre,Correo,Telefono,TipoMiembro) VALUES ('40970','Stephanie Valenzuela','Leigh@Cum.com','7543299','Profesor');
INSERT INTO CLIENTE (Id,Nombre,Correo,Telefono,TipoMiembro) VALUES ('23688','Kareem Leblanc','Jonah@justo.us','7071808','Empleado');
INSERT INTO CLIENTE (Id,Nombre,Correo,Telefono,TipoMiembro) VALUES ('22542','Lesley King','Dane@odio.org','7014904','PadreEstudiante');
INSERT INTO CLIENTE (Id,Nombre,Correo,Telefono,TipoMiembro) VALUES ('39488','Ingrid Chapman','Barclay@mauris.us','8171572','Profesor');
INSERT INTO CLIENTE (Id,Nombre,Correo,Telefono,TipoMiembro) VALUES ('40122','Jasper Ruiz','Allistair@dolor.org','6225199','Egresado');
INSERT INTO CLIENTE (Id,Nombre,Correo,Telefono,TipoMiembro) VALUES ('24703','Kevyn Noel','Morgan@non.gov','6916370','Egresado');
INSERT INTO CLIENTE (Id,Nombre,Correo,Telefono,TipoMiembro) VALUES ('54233','Hoyt Randolph','Marvin@ornare.us','4931382','Profesor');
INSERT INTO CLIENTE (Id,Nombre,Correo,Telefono,TipoMiembro) VALUES ('41523','Linda Mcguire','Chadwick@Morbi.us','3598759','PadreEstudiante');
INSERT INTO CLIENTE (Id,Nombre,Correo,Telefono,TipoMiembro) VALUES ('49686','Wyatt Duke','Austin@pharetra.org','7726720','PadreEstudiante');
INSERT INTO CLIENTE (Id,Nombre,Correo,Telefono,TipoMiembro) VALUES ('66177','Daryl Oneill','Cullen@dictum.org','2769662','Profesor');
INSERT INTO CLIENTE (Id,Nombre,Correo,Telefono,TipoMiembro) VALUES ('24930','Laura Barton','Caleb@purus.com','6878364','Estudiante');
INSERT INTO CLIENTE (Id,Nombre,Correo,Telefono,TipoMiembro) VALUES ('16372','Steel Mccall','Samantha@eget.edu','5309741','Estudiante');
INSERT INTO CLIENTE (Id,Nombre,Correo,Telefono,TipoMiembro) VALUES ('56156','Genevieve Jordan','Barbara@Mauris.net','2064497','PadreEstudiante');
INSERT INTO CLIENTE (Id,Nombre,Correo,Telefono,TipoMiembro) VALUES ('65363','Palmer Robinson','Palmer@urna.gov','3072926','Empleado');
INSERT INTO CLIENTE (Id,Nombre,Correo,Telefono,TipoMiembro) VALUES ('18785','Ebony West','Xaviera@imperdiet.net','5601538','Empleado');
INSERT INTO CLIENTE (Id,Nombre,Correo,Telefono,TipoMiembro) VALUES ('59500','Alisa Rush','Kimberly@tempor.net','8060355','Estudiante');
INSERT INTO CLIENTE (Id,Nombre,Correo,Telefono,TipoMiembro) VALUES ('82696','Mara Morin','Cade@convallis.gov','9854209','Egresado');
INSERT INTO CLIENTE (Id,Nombre,Correo,Telefono,TipoMiembro) VALUES ('56902','Kasper Walsh','Xena@aliquet.org','7169429','Empleado');
INSERT INTO CLIENTE (Id,Nombre,Correo,Telefono,TipoMiembro) VALUES ('78111','Azalia Rosario','Omar@cursus.gov','8104635','Empleado');
INSERT INTO CLIENTE (Id,Nombre,Correo,Telefono,TipoMiembro) VALUES ('15901','Camden Bishop','Genevieve@quis.com','5099876','Estudiante');
INSERT INTO CLIENTE (Id,Nombre,Correo,Telefono,TipoMiembro) VALUES ('68697','Channing Mooney','Keelie@fringilla.net','2422855','Profesor');
INSERT INTO CLIENTE (Id,Nombre,Correo,Telefono,TipoMiembro) VALUES ('45457','Brielle Lowery','Regan@penatibus.org','9353489','Profesor');
INSERT INTO CLIENTE (Id,Nombre,Correo,Telefono,TipoMiembro) VALUES ('50270','Derek Short','Ray@cubilia.net','1627342','Egresado');
INSERT INTO CLIENTE (Id,Nombre,Correo,Telefono,TipoMiembro) VALUES ('97702','Cailin Acevedo','Nora@sodales.com','9950974','Estudiante');
INSERT INTO CLIENTE (Id,Nombre,Correo,Telefono,TipoMiembro) VALUES ('25850','Keely Knapp','Colin@ipsum.com','9640181','Profesor');
INSERT INTO CLIENTE (Id,Nombre,Correo,Telefono,TipoMiembro) VALUES ('11354','August Frazier','Quinlan@tellus.org','2020906','Estudiante');
INSERT INTO CLIENTE (Id,Nombre,Correo,Telefono,TipoMiembro) VALUES ('96198','Norman Hooper','Anjolie@pellentesque.gov','3380074','Estudiante');
INSERT INTO CLIENTE (Id,Nombre,Correo,Telefono,TipoMiembro) VALUES ('78853','Chantale Robertson','Alana@mattis.us','8339897','PadreEstudiante');
INSERT INTO CLIENTE (Id,Nombre,Correo,Telefono,TipoMiembro) VALUES ('77922','Indigo Langley','Alisa@montes.net','3224474','Empleado');
INSERT INTO CLIENTE (Id,Nombre,Correo,Telefono,TipoMiembro) VALUES ('77527','Ingrid Cobb','Martena@porttitor.edu','9158421','Estudiante');
INSERT INTO CLIENTE (Id,Nombre,Correo,Telefono,TipoMiembro) VALUES ('11910','Winter Lyons','Hasad@Cum.us','2953305','Estudiante');
INSERT INTO CLIENTE (Id,Nombre,Correo,Telefono,TipoMiembro) VALUES ('60325','Derek Burris','Xander@vehicula.org','9639157','Empleado');
INSERT INTO CLIENTE (Id,Nombre,Correo,Telefono,TipoMiembro) VALUES ('36553','Dora Carver','Violet@faucibus.gov','7176597','Egresado');
INSERT INTO CLIENTE (Id,Nombre,Correo,Telefono,TipoMiembro) VALUES ('56752','Sonia Poole','Colorado@mattis.edu','4066685','Profesor');
INSERT INTO CLIENTE (Id,Nombre,Correo,Telefono,TipoMiembro) VALUES ('42019','Alana Carpenter','Rose@dis.edu','4482737','Empleado');
INSERT INTO CLIENTE (Id,Nombre,Correo,Telefono,TipoMiembro) VALUES ('69734','Solomon Powers','Scarlett@ac.com','9105808','Egresado');
INSERT INTO CLIENTE (Id,Nombre,Correo,Telefono,TipoMiembro) VALUES ('99266','Stella Hess','Maxwell@tortor.edu','7045559','Profesor');
INSERT INTO CLIENTE (Id,Nombre,Correo,Telefono,TipoMiembro) VALUES ('38055','Christen Cooley','Ignacia@Lorem.com','9986929','Estudiante');
INSERT INTO CLIENTE (Id,Nombre,Correo,Telefono,TipoMiembro) VALUES ('88871','Rana Underwood','Adrian@sodales.edu','5225254','Empleado');
INSERT INTO CLIENTE (Id,Nombre,Correo,Telefono,TipoMiembro) VALUES ('85887','Melinda Vasquez','Jermaine@euismod.gov','1143763','Profesor');
INSERT INTO CLIENTE (Id,Nombre,Correo,Telefono,TipoMiembro) VALUES ('31937','Alfonso Cook','Ishmael@malesuada.edu','6392361','Empleado');
INSERT INTO CLIENTE (Id,Nombre,Correo,Telefono,TipoMiembro) VALUES ('49968','Dominic Yang','Kyra@Cras.net','1251410','PadreEstudiante');
INSERT INTO CLIENTE (Id,Nombre,Correo,Telefono,TipoMiembro) VALUES ('40223','Emi Rojas','Teegan@elit.net','9039528','Estudiante');
INSERT INTO CLIENTE (Id,Nombre,Correo,Telefono,TipoMiembro) VALUES ('11463','Allen Chapman','Nathaniel@massa.edu','5557888','Estudiante');
INSERT INTO CLIENTE (Id,Nombre,Correo,Telefono,TipoMiembro) VALUES ('27591','Allegra Obrien','Conan@velit.net','6014661','PadreEstudiante');
INSERT INTO CLIENTE (Id,Nombre,Correo,Telefono,TipoMiembro) VALUES ('95282','Ferris Juarez','Nash@porttitor.edu','4402594','Estudiante');
INSERT INTO CLIENTE (Id,Nombre,Correo,Telefono,TipoMiembro) VALUES ('37373','Rachel Ashley','Lael@sollicitudin.edu','7058248','Egresado');
INSERT INTO CLIENTE (Id,Nombre,Correo,Telefono,TipoMiembro) VALUES ('96849','Drake Estes','Gannon@hymenaeos.us','5743240','Profesor');
INSERT INTO CLIENTE (Id,Nombre,Correo,Telefono,TipoMiembro) VALUES ('74835','Stacey Steele','Henry@sodales.org','6076553','Egresado');
INSERT INTO CLIENTE (Id,Nombre,Correo,Telefono,TipoMiembro) VALUES ('96639','Joan Waller','Nerea@quam.us','6833829','Empleado');
INSERT INTO CLIENTE (Id,Nombre,Correo,Telefono,TipoMiembro) VALUES ('82799','Kimberley Goff','Levi@Curabitur.com','6437810','Estudiante');
INSERT INTO CLIENTE (Id,Nombre,Correo,Telefono,TipoMiembro) VALUES ('94494','Zane Bradshaw','Ursula@porttitor.edu','3303445','Estudiante');
INSERT INTO CLIENTE (Id,Nombre,Correo,Telefono,TipoMiembro) VALUES ('71622','Desirae Hurst','Leslie@Sed.org','5396065','Empleado');
INSERT INTO CLIENTE (Id,Nombre,Correo,Telefono,TipoMiembro) VALUES ('46776','Denton Sparks','Elmo@malesuada.com','3334496','PadreEstudiante');
INSERT INTO CLIENTE (Id,Nombre,Correo,Telefono,TipoMiembro) VALUES ('86665','Gareth Phelps','Aladdin@nisi.us','7927074','Egresado');
INSERT INTO CLIENTE (Id,Nombre,Correo,Telefono,TipoMiembro) VALUES ('83669','Myles Villarreal','Wyatt@Cum.us','4888202','Egresado');
INSERT INTO CLIENTE (Id,Nombre,Correo,Telefono,TipoMiembro) VALUES ('18305','Lester King','Alana@dui.com','2097807','Profesor');
INSERT INTO CLIENTE (Id,Nombre,Correo,Telefono,TipoMiembro) VALUES ('17989','Libby Cunningham','Sophia@tempor.us','2632239','Egresado');
INSERT INTO CLIENTE (Id,Nombre,Correo,Telefono,TipoMiembro) VALUES ('96139','Nell Price','Lacy@consectetuer.com','8728229','Egresado');
INSERT INTO CLIENTE (Id,Nombre,Correo,Telefono,TipoMiembro) VALUES ('80887','Igor Pitts','Oprah@in.us','7877921','Estudiante');
INSERT INTO CLIENTE (Id,Nombre,Correo,Telefono,TipoMiembro) VALUES ('20414','Eaton Blackburn','Holmes@magna.us','7215345','Estudiante');
INSERT INTO CLIENTE (Id,Nombre,Correo,Telefono,TipoMiembro) VALUES ('80167','Jeanette Henderson','Graham@id.com','4622047','Empleado');
INSERT INTO CLIENTE (Id,Nombre,Correo,Telefono,TipoMiembro) VALUES ('54983','Elmo Middleton','Alfreda@Lorem.us','1005325','Egresado');
INSERT INTO CLIENTE (Id,Nombre,Correo,Telefono,TipoMiembro) VALUES ('96962','Sarah Hull','Upton@parturient.us','2679422','Estudiante');
INSERT INTO CLIENTE (Id,Nombre,Correo,Telefono,TipoMiembro) VALUES ('78764','Sybil Meyers','Bruno@porttitor.com','1854011','Estudiante');
INSERT INTO CLIENTE (Id,Nombre,Correo,Telefono,TipoMiembro) VALUES ('25109','Camilla Butler','Rebecca@sociosqu.gov','8779483','Profesor');
INSERT INTO CLIENTE (Id,Nombre,Correo,Telefono,TipoMiembro) VALUES ('82424','Wylie Mckenzie','Amena@libero.edu','8762106','Egresado');
INSERT INTO CLIENTE (Id,Nombre,Correo,Telefono,TipoMiembro) VALUES ('80388','Maris Chambers','Gannon@ullamcorper.us','7791726','Estudiante');
INSERT INTO CLIENTE (Id,Nombre,Correo,Telefono,TipoMiembro) VALUES ('84591','Kathleen Solomon','Wesley@Quisque.org','6800544','Estudiante');
INSERT INTO CLIENTE (Id,Nombre,Correo,Telefono,TipoMiembro) VALUES ('86142','Tatiana Hogan','Malcolm@hymenaeos.org','4090359','Estudiante');
INSERT INTO CLIENTE (Id,Nombre,Correo,Telefono,TipoMiembro) VALUES ('98040','Ira Lawrence','Aimee@libero.gov','4925554','Estudiante');
INSERT INTO CLIENTE (Id,Nombre,Correo,Telefono,TipoMiembro) VALUES ('67437','Vincent Barker','Drew@lacinia.gov','7449544','Empleado');
INSERT INTO CLIENTE (Id,Nombre,Correo,Telefono,TipoMiembro) VALUES ('86053','Latifah Kirby','Talon@imperdiet.us','9023407','Estudiante');
INSERT INTO CLIENTE (Id,Nombre,Correo,Telefono,TipoMiembro) VALUES ('58141','Rhiannon Patton','Marcia@dolor.net','2158036','PadreEstudiante');
INSERT INTO CLIENTE (Id,Nombre,Correo,Telefono,TipoMiembro) VALUES ('37977','Hilda Olsen','Ina@luctus.edu','2561657','Estudiante');
INSERT INTO CLIENTE (Id,Nombre,Correo,Telefono,TipoMiembro) VALUES ('27520','Shaeleigh Ruiz','Yael@Pellentesque.us','2495506','Empleado');
INSERT INTO CLIENTE (Id,Nombre,Correo,Telefono,TipoMiembro) VALUES ('17231','Astra Tillman','Cruz@purus.us','3567568','Egresado');
INSERT INTO CLIENTE (Id,Nombre,Correo,Telefono,TipoMiembro) VALUES ('68726','Leila Morris','Alexander@fermentum.com','5708139','Egresado');
INSERT INTO CLIENTE (Id,Nombre,Correo,Telefono,TipoMiembro) VALUES ('86965','Kai Clarke','Amelia@fames.net','4374212','Profesor');
INSERT INTO CLIENTE (Id,Nombre,Correo,Telefono,TipoMiembro) VALUES ('76513','Christian Stokes','Leslie@cursus.edu','1983768','Profesor');
INSERT INTO CLIENTE (Id,Nombre,Correo,Telefono,TipoMiembro) VALUES ('80056','Channing Walls','Carter@ante.net','2300126','Empleado');
INSERT INTO CLIENTE (Id,Nombre,Correo,Telefono,TipoMiembro) VALUES ('92016','Dane Jacobson','Dolan@vulputate.us','1928286','Empleado');
INSERT INTO CLIENTE (Id,Nombre,Correo,Telefono,TipoMiembro) VALUES ('54714','Amery Sanford','Carissa@non.com','9493135','Estudiante');
INSERT INTO CLIENTE (Id,Nombre,Correo,Telefono,TipoMiembro) VALUES ('73602','Garrett Mooney','Patrick@mauris.com','9459467','PadreEstudiante');
INSERT INTO CLIENTE (Id,Nombre,Correo,Telefono,TipoMiembro) VALUES ('54250','Magee Maldonado','Alma@elit.org','3060430','Egresado');
INSERT INTO CLIENTE (Id,Nombre,Correo,Telefono,TipoMiembro) VALUES ('24074','Florence Strong','Dana@lacinia.edu','1824225','PadreEstudiante');
INSERT INTO CLIENTE (Id,Nombre,Correo,Telefono,TipoMiembro) VALUES ('58420','Ethan Mayer','Myra@consectetuer.com','8247893','Profesor');
INSERT INTO CLIENTE (Id,Nombre,Correo,Telefono,TipoMiembro) VALUES ('62179','Hayes Combs','Davis@neque.org','1862530','Egresado');
INSERT INTO CLIENTE (Id,Nombre,Correo,Telefono,TipoMiembro) VALUES ('14647','Zoe Griffin','Delilah@risus.gov','6626080','Egresado');
INSERT INTO CLIENTE (Id,Nombre,Correo,Telefono,TipoMiembro) VALUES ('96051','Brielle Kramer','Eleanor@nisi.com','7646836','Estudiante');
INSERT INTO CLIENTE (Id,Nombre,Correo,Telefono,TipoMiembro) VALUES ('76767','Macaulay Shelton','Peter@nisl.gov','4114522','PadreEstudiante');
INSERT INTO CLIENTE (Id,Nombre,Correo,Telefono,TipoMiembro) VALUES ('85063','Dexter Solomon','Berk@penatibus.gov','4460680','Profesor');
INSERT INTO CLIENTE (Id,Nombre,Correo,Telefono,TipoMiembro) VALUES ('42700','Steel Jacobson','Ifeoma@dignissim.us','8147969','Empleado');
INSERT INTO CLIENTE (Id,Nombre,Correo,Telefono,TipoMiembro) VALUES ('34865','Zane Wilkerson','Whitney@inceptos.us','8249894','Empleado');
INSERT INTO CLIENTE (Id,Nombre,Correo,Telefono,TipoMiembro) VALUES ('13323','Hoyt Ewing','Emerson@gravida.gov','5426346','Egresado');
INSERT INTO CLIENTE (Id,Nombre,Correo,Telefono,TipoMiembro) VALUES ('94942','Mechelle Sweet','Harrison@auctor.gov','9250839','Estudiante');
INSERT INTO CLIENTE (Id,Nombre,Correo,Telefono,TipoMiembro) VALUES ('59324','Laith Buckner','Violet@semper.com','4440187','Estudiante');
INSERT INTO CLIENTE (Id,Nombre,Correo,Telefono,TipoMiembro) VALUES ('25480','Nora Maldonado','Rinah@dui.org','3948347','Empleado');


INSERT INTO OPERADOR (Id,Nombre,TipoOperador) VALUES ('20889','Alexandra Mayer','Estudiante');
INSERT INTO OPERADOR (Id,Nombre,TipoOperador) VALUES ('66613','Holmes Fuentes','Vecino');
INSERT INTO OPERADOR (Id,Nombre,TipoOperador) VALUES ('54973','Graiden Petersen','ServicioHotelero');
INSERT INTO OPERADOR (Id,Nombre,TipoOperador) VALUES ('90619','Trevor Solis','Egresado');
INSERT INTO OPERADOR (Id,Nombre,TipoOperador) VALUES ('96780','Nell Norris','ServicioHotelero');
INSERT INTO OPERADOR (Id,Nombre,TipoOperador) VALUES ('43634','Ramona Williams','ServicioHotelero');
INSERT INTO OPERADOR (Id,Nombre,TipoOperador) VALUES ('92540','Magee Blevins','Egresado');
INSERT INTO OPERADOR (Id,Nombre,TipoOperador) VALUES ('20302','Joshua Paul','ServicioHotelero');
INSERT INTO OPERADOR (Id,Nombre,TipoOperador) VALUES ('24057','Imani Mccormick','Egresado');
INSERT INTO OPERADOR (Id,Nombre,TipoOperador) VALUES ('45111','Alma Hahn','Egresado');
INSERT INTO OPERADOR (Id,Nombre,TipoOperador) VALUES ('11910','Kelsey Phelps','ServicioHotelero');
INSERT INTO OPERADOR (Id,Nombre,TipoOperador) VALUES ('88087','Jin Reid','ViviendaUniversitaria');
INSERT INTO OPERADOR (Id,Nombre,TipoOperador) VALUES ('87516','Zenaida Hahn','Vecino');
INSERT INTO OPERADOR (Id,Nombre,TipoOperador) VALUES ('62728','Kameko Kirby','Egresado');
INSERT INTO OPERADOR (Id,Nombre,TipoOperador) VALUES ('31193','Drew Savage','PadreEstudiante');
INSERT INTO OPERADOR (Id,Nombre,TipoOperador) VALUES ('94064','Nissim Meyer','ViviendaUniversitaria');
INSERT INTO OPERADOR (Id,Nombre,TipoOperador) VALUES ('24361','Zachery Melendez','Profesor');
INSERT INTO OPERADOR (Id,Nombre,TipoOperador) VALUES ('47921','Shana Graves','Vecino');
INSERT INTO OPERADOR (Id,Nombre,TipoOperador) VALUES ('76148','Charles Conley','PadreEstudiante');
INSERT INTO OPERADOR (Id,Nombre,TipoOperador) VALUES ('39790','Alden May','Estudiante');
INSERT INTO OPERADOR (Id,Nombre,TipoOperador) VALUES ('43685','Nolan Fields','ViviendaUniversitaria');
INSERT INTO OPERADOR (Id,Nombre,TipoOperador) VALUES ('49435','Samuel Molina','PadreEstudiante');
INSERT INTO OPERADOR (Id,Nombre,TipoOperador) VALUES ('85470','Omar Ward','PadreEstudiante');
INSERT INTO OPERADOR (Id,Nombre,TipoOperador) VALUES ('19178','Ginger Terry','Vecino');
INSERT INTO OPERADOR (Id,Nombre,TipoOperador) VALUES ('42001','Ora Waller','ServicioHotelero');
INSERT INTO OPERADOR (Id,Nombre,TipoOperador) VALUES ('72707','Nissim Adkins','Estudiante');
INSERT INTO OPERADOR (Id,Nombre,TipoOperador) VALUES ('35951','Aurelia Estes','Egresado');
INSERT INTO OPERADOR (Id,Nombre,TipoOperador) VALUES ('99341','Dana Coleman','Egresado');
INSERT INTO OPERADOR (Id,Nombre,TipoOperador) VALUES ('21049','Edward Carver','ServicioHotelero');
INSERT INTO OPERADOR (Id,Nombre,TipoOperador) VALUES ('26831','Erasmus Soto','Profesor');
INSERT INTO OPERADOR (Id,Nombre,TipoOperador) VALUES ('44533','Nigel Maldonado','Profesor');
INSERT INTO OPERADOR (Id,Nombre,TipoOperador) VALUES ('68039','Yasir Mcdonald','Estudiante');
INSERT INTO OPERADOR (Id,Nombre,TipoOperador) VALUES ('75464','Mason Manning','Vecino');
INSERT INTO OPERADOR (Id,Nombre,TipoOperador) VALUES ('16933','Kenneth Yates','Estudiante');
INSERT INTO OPERADOR (Id,Nombre,TipoOperador) VALUES ('75878','Kirk Howe','ServicioHotelero');
INSERT INTO OPERADOR (Id,Nombre,TipoOperador) VALUES ('23195','Jolene Mcknight','PadreEstudiante');
INSERT INTO OPERADOR (Id,Nombre,TipoOperador) VALUES ('69341','Travis Tillman','Estudiante');
INSERT INTO OPERADOR (Id,Nombre,TipoOperador) VALUES ('68692','Quail Miranda','Egresado');
INSERT INTO OPERADOR (Id,Nombre,TipoOperador) VALUES ('30323','Madeline Cochran','Vecino');
INSERT INTO OPERADOR (Id,Nombre,TipoOperador) VALUES ('18223','Emery Rowe','Vecino');


INSERT INTO SERVICIO (Id, Nombre, Descripcion) VALUES ('1', 'Bañera', 'SERVICIO de bañera con agua caliente');
INSERT INTO SERVICIO (Id, Nombre, Descripcion) VALUES ('2', 'Jacuzzi', 'Piscina o bañera dotada de un sistema de hidromasaje');
INSERT INTO SERVICIO (Id, Nombre, Descripcion) VALUES ('3', 'Sala', 'Sala amoblada');
INSERT INTO SERVICIO (Id, Nombre, Descripcion) VALUES ('4', 'Cocineta', 'Mueble de cocina que integra armarios, los fuegos o el fregadero');
INSERT INTO SERVICIO (Id, Nombre, Descripcion) VALUES ('5', 'Restaurante', 'SERVICIO de restaurante dentro del inmueble, SERVICIO 24 horas');
INSERT INTO SERVICIO (Id, Nombre, Descripcion) VALUES ('6', 'Piscina', 'SERVICIO de piscina para niños y adultos, cuenta con tobogán');
INSERT INTO SERVICIO (Id, Nombre, Descripcion) VALUES ('7', 'Parqueadero', 'SERVICIO de parqueadero vigilado las 24 horas');
INSERT INTO SERVICIO (Id, Nombre, Descripcion) VALUES ('8', 'WiFi', 'WiFi');
INSERT INTO SERVICIO (Id, Nombre, Descripcion) VALUES ('9', 'TV cable', 'TV cable');
INSERT INTO SERVICIO (Id, Nombre, Descripcion) VALUES ('10', 'Recepción 24 horas', 'Recepción 24 horas');
INSERT INTO SERVICIO (Id, Nombre, Descripcion) VALUES ('11', 'Comidas', 'Tres comidas diarias');
INSERT INTO SERVICIO (Id, Nombre, Descripcion) VALUES ('12', 'Baño privado', 'Baño privado');
INSERT INTO SERVICIO (Id, Nombre, Descripcion) VALUES ('13', 'Baño compartido', 'Baño compartido');
INSERT INTO SERVICIO (Id, Nombre, Descripcion) VALUES ('14', 'Luz', 'SERVICIO de luz');
INSERT INTO SERVICIO (Id, Nombre, Descripcion) VALUES ('15', 'Teléfono', 'SERVICIO de teléfono');
INSERT INTO SERVICIO (Id, Nombre, Descripcion) VALUES ('16', 'Agua', 'SERVICIO de agua');
INSERT INTO SERVICIO (Id, Nombre, Descripcion) VALUES ('17', 'Administración', 'Administración');
INSERT INTO SERVICIO (Id, Nombre, Descripcion) VALUES ('18', 'Aseo', 'SERVICIO de aseo 3 veces por semana');
INSERT INTO SERVICIO (Id, Nombre, Descripcion) VALUES ('19', 'Apoyo social', 'Apoyo social a estudiantes');
INSERT INTO SERVICIO (Id, Nombre, Descripcion) VALUES ('20', 'Apoyo académico', 'Apoyo académico a estudiantes');
INSERT INTO SERVICIO (Id, Nombre, Descripcion) VALUES ('21', 'Sala de estudio', 'Sala de estudio');
INSERT INTO SERVICIO (Id, Nombre, Descripcion) VALUES ('22', 'Sala esparcimiento', 'Sala de esparcimiento y entretenimiento');
INSERT INTO SERVICIO (Id, Nombre, Descripcion) VALUES ('23', 'Gimnasio', 'Gimnasio equipado');


INSERT INTO INMUEBLE (Id,CostoBase,Operador) VALUES ('1',381601,'20889');
INSERT INTO INMUEBLE (Id,CostoBase,Operador) VALUES ('2',339214,'49435');
INSERT INTO INMUEBLE (Id,CostoBase,Operador) VALUES ('3',700154,'94064');
INSERT INTO INMUEBLE (Id,CostoBase,Operador) VALUES ('4',898529,'43634');
INSERT INTO INMUEBLE (Id,CostoBase,Operador) VALUES ('5',616850,'19178');
INSERT INTO INMUEBLE (Id,CostoBase,Operador) VALUES ('6',352236,'23195');
INSERT INTO INMUEBLE (Id,CostoBase,Operador) VALUES ('7',89436,'94064');
INSERT INTO INMUEBLE (Id,CostoBase,Operador) VALUES ('8',797001,'68039');
INSERT INTO INMUEBLE (Id,CostoBase,Operador) VALUES ('9',314126,'24057');
INSERT INTO INMUEBLE (Id,CostoBase,Operador) VALUES ('10',859948,'66613');
INSERT INTO INMUEBLE (Id,CostoBase,Operador) VALUES ('11',992166,'11910');
INSERT INTO INMUEBLE (Id,CostoBase,Operador) VALUES ('12',366795,'62728');
INSERT INTO INMUEBLE (Id,CostoBase,Operador) VALUES ('13',442574,'49435');
INSERT INTO INMUEBLE (Id,CostoBase,Operador) VALUES ('14',524525,'72707');
INSERT INTO INMUEBLE (Id,CostoBase,Operador) VALUES ('15',241480,'49435');
INSERT INTO INMUEBLE (Id,CostoBase,Operador) VALUES ('16',901056,'75464');
INSERT INTO INMUEBLE (Id,CostoBase,Operador) VALUES ('17',804349,'20302');
INSERT INTO INMUEBLE (Id,CostoBase,Operador) VALUES ('18',709902,'11910');
INSERT INTO INMUEBLE (Id,CostoBase,Operador) VALUES ('19',440964,'16933');
INSERT INTO INMUEBLE (Id,CostoBase,Operador) VALUES ('20',892820,'54973');
INSERT INTO INMUEBLE (Id,CostoBase,Operador) VALUES ('21',803616,'21049');
INSERT INTO INMUEBLE (Id,CostoBase,Operador) VALUES ('22',652342,'62728');
INSERT INTO INMUEBLE (Id,CostoBase,Operador) VALUES ('23',238924,'69341');
INSERT INTO INMUEBLE (Id,CostoBase,Operador) VALUES ('24',494822,'75878');
INSERT INTO INMUEBLE (Id,CostoBase,Operador) VALUES ('25',945680,'19178');
INSERT INTO INMUEBLE (Id,CostoBase,Operador) VALUES ('26',291714,'21049');
INSERT INTO INMUEBLE (Id,CostoBase,Operador) VALUES ('27',200376,'87516');
INSERT INTO INMUEBLE (Id,CostoBase,Operador) VALUES ('28',908235,'24057');
INSERT INTO INMUEBLE (Id,CostoBase,Operador) VALUES ('29',64010,'23195');
INSERT INTO INMUEBLE (Id,CostoBase,Operador) VALUES ('30',208552,'19178');
INSERT INTO INMUEBLE (Id,CostoBase,Operador) VALUES ('31',604678,'96780');
INSERT INTO INMUEBLE (Id,CostoBase,Operador) VALUES ('32',952202,'20302');
INSERT INTO INMUEBLE (Id,CostoBase,Operador) VALUES ('33',498354,'99341');
INSERT INTO INMUEBLE (Id,CostoBase,Operador) VALUES ('34',90998,'69341');
INSERT INTO INMUEBLE (Id,CostoBase,Operador) VALUES ('35',928745,'66613');
INSERT INTO INMUEBLE (Id,CostoBase,Operador) VALUES ('36',770079,'99341');
INSERT INTO INMUEBLE (Id,CostoBase,Operador) VALUES ('37',410004,'90619');
INSERT INTO INMUEBLE (Id,CostoBase,Operador) VALUES ('38',116460,'66613');
INSERT INTO INMUEBLE (Id,CostoBase,Operador) VALUES ('39',561909,'72707');
INSERT INTO INMUEBLE (Id,CostoBase,Operador) VALUES ('40',509367,'43634');
INSERT INTO INMUEBLE (Id,CostoBase,Operador) VALUES ('41',869657,'99341');
INSERT INTO INMUEBLE (Id,CostoBase,Operador) VALUES ('42',137870,'24057');
INSERT INTO INMUEBLE (Id,CostoBase,Operador) VALUES ('43',204377,'62728');
INSERT INTO INMUEBLE (Id,CostoBase,Operador) VALUES ('44',249585,'45111');
INSERT INTO INMUEBLE (Id,CostoBase,Operador) VALUES ('45',833869,'24057');
INSERT INTO INMUEBLE (Id,CostoBase,Operador) VALUES ('46',596200,'11910');
INSERT INTO INMUEBLE (Id,CostoBase,Operador) VALUES ('47',888428,'62728');
INSERT INTO INMUEBLE (Id,CostoBase,Operador) VALUES ('48',405818,'49435');
INSERT INTO INMUEBLE (Id,CostoBase,Operador) VALUES ('49',255907,'72707');
INSERT INTO INMUEBLE (Id,CostoBase,Operador) VALUES ('50',845342,'23195');


INSERT INTO SERVICIOINMUEBLE (Servicio,Inmueble,Incluido,ValorAdicional) VALUES ('22','23','True',0);
INSERT INTO SERVICIOINMUEBLE (Servicio,Inmueble,Incluido,ValorAdicional) VALUES ('2','27','False',56802);
INSERT INTO SERVICIOINMUEBLE (Servicio,Inmueble,Incluido,ValorAdicional) VALUES ('11','26','True',0);
INSERT INTO SERVICIOINMUEBLE (Servicio,Inmueble,Incluido,ValorAdicional) VALUES ('11','23','True',0);
INSERT INTO SERVICIOINMUEBLE (Servicio,Inmueble,Incluido,ValorAdicional) VALUES ('5','25','False',36561);
INSERT INTO SERVICIOINMUEBLE (Servicio,Inmueble,Incluido,ValorAdicional) VALUES ('4','35','True',0);
INSERT INTO SERVICIOINMUEBLE (Servicio,Inmueble,Incluido,ValorAdicional) VALUES ('20','49','True',0);
INSERT INTO SERVICIOINMUEBLE (Servicio,Inmueble,Incluido,ValorAdicional) VALUES ('8','35','True',0);
INSERT INTO SERVICIOINMUEBLE (Servicio,Inmueble,Incluido,ValorAdicional) VALUES ('10','7','True',0);
INSERT INTO SERVICIOINMUEBLE (Servicio,Inmueble,Incluido,ValorAdicional) VALUES ('17','33','True',0);
INSERT INTO SERVICIOINMUEBLE (Servicio,Inmueble,Incluido,ValorAdicional) VALUES ('1','41','True',0);
INSERT INTO SERVICIOINMUEBLE (Servicio,Inmueble,Incluido,ValorAdicional) VALUES ('19','12','False',1553);
INSERT INTO SERVICIOINMUEBLE (Servicio,Inmueble,Incluido,ValorAdicional) VALUES ('18','32','False',134458);
INSERT INTO SERVICIOINMUEBLE (Servicio,Inmueble,Incluido,ValorAdicional) VALUES ('23','37','True',0);
INSERT INTO SERVICIOINMUEBLE (Servicio,Inmueble,Incluido,ValorAdicional) VALUES ('6','36','False',117708);
INSERT INTO SERVICIOINMUEBLE (Servicio,Inmueble,Incluido,ValorAdicional) VALUES ('5','20','True',0);
INSERT INTO SERVICIOINMUEBLE (Servicio,Inmueble,Incluido,ValorAdicional) VALUES ('22','24','True',0);
INSERT INTO SERVICIOINMUEBLE (Servicio,Inmueble,Incluido,ValorAdicional) VALUES ('18','15','False',49995);
INSERT INTO SERVICIOINMUEBLE (Servicio,Inmueble,Incluido,ValorAdicional) VALUES ('1','13','True',0);
INSERT INTO SERVICIOINMUEBLE (Servicio,Inmueble,Incluido,ValorAdicional) VALUES ('19','50','True',0);
INSERT INTO SERVICIOINMUEBLE (Servicio,Inmueble,Incluido,ValorAdicional) VALUES ('7','20','True',0);
INSERT INTO SERVICIOINMUEBLE (Servicio,Inmueble,Incluido,ValorAdicional) VALUES ('10','2','True',0);
INSERT INTO SERVICIOINMUEBLE (Servicio,Inmueble,Incluido,ValorAdicional) VALUES ('8','5','False',41691);
INSERT INTO SERVICIOINMUEBLE (Servicio,Inmueble,Incluido,ValorAdicional) VALUES ('9','19','True',0);
INSERT INTO SERVICIOINMUEBLE (Servicio,Inmueble,Incluido,ValorAdicional) VALUES ('3','15','False',196773);
INSERT INTO SERVICIOINMUEBLE (Servicio,Inmueble,Incluido,ValorAdicional) VALUES ('2','11','True',0);
INSERT INTO SERVICIOINMUEBLE (Servicio,Inmueble,Incluido,ValorAdicional) VALUES ('18','22','True',0);
INSERT INTO SERVICIOINMUEBLE (Servicio,Inmueble,Incluido,ValorAdicional) VALUES ('9','23','False',104261);
INSERT INTO SERVICIOINMUEBLE (Servicio,Inmueble,Incluido,ValorAdicional) VALUES ('6','11','False',138862);
INSERT INTO SERVICIOINMUEBLE (Servicio,Inmueble,Incluido,ValorAdicional) VALUES ('23','6','True',0);
INSERT INTO SERVICIOINMUEBLE (Servicio,Inmueble,Incluido,ValorAdicional) VALUES ('5','46','False',33464);
INSERT INTO SERVICIOINMUEBLE (Servicio,Inmueble,Incluido,ValorAdicional) VALUES ('6','16','True',0);
INSERT INTO SERVICIOINMUEBLE (Servicio,Inmueble,Incluido,ValorAdicional) VALUES ('10','32','False',48766);
INSERT INTO SERVICIOINMUEBLE (Servicio,Inmueble,Incluido,ValorAdicional) VALUES ('16','20','False',193913);
INSERT INTO SERVICIOINMUEBLE (Servicio,Inmueble,Incluido,ValorAdicional) VALUES ('11','15','True',0);
INSERT INTO SERVICIOINMUEBLE (Servicio,Inmueble,Incluido,ValorAdicional) VALUES ('10','5','False',176278);
INSERT INTO SERVICIOINMUEBLE (Servicio,Inmueble,Incluido,ValorAdicional) VALUES ('5','34','False',98111);
INSERT INTO SERVICIOINMUEBLE (Servicio,Inmueble,Incluido,ValorAdicional) VALUES ('23','25','False',117510);
INSERT INTO SERVICIOINMUEBLE (Servicio,Inmueble,Incluido,ValorAdicional) VALUES ('13','32','False',147006);
INSERT INTO SERVICIOINMUEBLE (Servicio,Inmueble,Incluido,ValorAdicional) VALUES ('23','43','True',0);
INSERT INTO SERVICIOINMUEBLE (Servicio,Inmueble,Incluido,ValorAdicional) VALUES ('8','36','True',0);
INSERT INTO SERVICIOINMUEBLE (Servicio,Inmueble,Incluido,ValorAdicional) VALUES ('4','39','False',85522);
INSERT INTO SERVICIOINMUEBLE (Servicio,Inmueble,Incluido,ValorAdicional) VALUES ('5','12','False',139372);
INSERT INTO SERVICIOINMUEBLE (Servicio,Inmueble,Incluido,ValorAdicional) VALUES ('17','13','True',0);
INSERT INTO SERVICIOINMUEBLE (Servicio,Inmueble,Incluido,ValorAdicional) VALUES ('17','34','False',40402);
INSERT INTO SERVICIOINMUEBLE (Servicio,Inmueble,Incluido,ValorAdicional) VALUES ('10','3','True',0);
INSERT INTO SERVICIOINMUEBLE (Servicio,Inmueble,Incluido,ValorAdicional) VALUES ('15','50','True',0);
INSERT INTO SERVICIOINMUEBLE (Servicio,Inmueble,Incluido,ValorAdicional) VALUES ('6','14','False',172179);
INSERT INTO SERVICIOINMUEBLE (Servicio,Inmueble,Incluido,ValorAdicional) VALUES ('15','13','True',0);
INSERT INTO SERVICIOINMUEBLE (Servicio,Inmueble,Incluido,ValorAdicional) VALUES ('6','5','False',159269);
INSERT INTO SERVICIOINMUEBLE (Servicio,Inmueble,Incluido,ValorAdicional) VALUES ('10','1','False',101110);
INSERT INTO SERVICIOINMUEBLE (Servicio,Inmueble,Incluido,ValorAdicional) VALUES ('11','34','True',0);
INSERT INTO SERVICIOINMUEBLE (Servicio,Inmueble,Incluido,ValorAdicional) VALUES ('11','28','True',0);
INSERT INTO SERVICIOINMUEBLE (Servicio,Inmueble,Incluido,ValorAdicional) VALUES ('6','35','False',24680);
INSERT INTO SERVICIOINMUEBLE (Servicio,Inmueble,Incluido,ValorAdicional) VALUES ('3','43','False',87218);
INSERT INTO SERVICIOINMUEBLE (Servicio,Inmueble,Incluido,ValorAdicional) VALUES ('17','24','False',174694);
INSERT INTO SERVICIOINMUEBLE (Servicio,Inmueble,Incluido,ValorAdicional) VALUES ('15','6','False',198074);
INSERT INTO SERVICIOINMUEBLE (Servicio,Inmueble,Incluido,ValorAdicional) VALUES ('6','19','True',0);
INSERT INTO SERVICIOINMUEBLE (Servicio,Inmueble,Incluido,ValorAdicional) VALUES ('4','45','False',55019);
INSERT INTO SERVICIOINMUEBLE (Servicio,Inmueble,Incluido,ValorAdicional) VALUES ('11','14','False',166283);
INSERT INTO SERVICIOINMUEBLE (Servicio,Inmueble,Incluido,ValorAdicional) VALUES ('20','39','True',0);
INSERT INTO SERVICIOINMUEBLE (Servicio,Inmueble,Incluido,ValorAdicional) VALUES ('20','7','False',112356);
INSERT INTO SERVICIOINMUEBLE (Servicio,Inmueble,Incluido,ValorAdicional) VALUES ('5','6','True',0);
INSERT INTO SERVICIOINMUEBLE (Servicio,Inmueble,Incluido,ValorAdicional) VALUES ('3','17','True',0);
INSERT INTO SERVICIOINMUEBLE (Servicio,Inmueble,Incluido,ValorAdicional) VALUES ('20','15','True',0);
INSERT INTO SERVICIOINMUEBLE (Servicio,Inmueble,Incluido,ValorAdicional) VALUES ('23','10','False',99703);
INSERT INTO SERVICIOINMUEBLE (Servicio,Inmueble,Incluido,ValorAdicional) VALUES ('6','25','True',0);
INSERT INTO SERVICIOINMUEBLE (Servicio,Inmueble,Incluido,ValorAdicional) VALUES ('10','6','False',131879);
INSERT INTO SERVICIOINMUEBLE (Servicio,Inmueble,Incluido,ValorAdicional) VALUES ('5','35','False',195919);
INSERT INTO SERVICIOINMUEBLE (Servicio,Inmueble,Incluido,ValorAdicional) VALUES ('11','22','False',98037);
INSERT INTO SERVICIOINMUEBLE (Servicio,Inmueble,Incluido,ValorAdicional) VALUES ('12','26','False',116133);
INSERT INTO SERVICIOINMUEBLE (Servicio,Inmueble,Incluido,ValorAdicional) VALUES ('13','17','False',105682);
INSERT INTO SERVICIOINMUEBLE (Servicio,Inmueble,Incluido,ValorAdicional) VALUES ('18','37','False',148118);
INSERT INTO SERVICIOINMUEBLE (Servicio,Inmueble,Incluido,ValorAdicional) VALUES ('20','46','True',0);
INSERT INTO SERVICIOINMUEBLE (Servicio,Inmueble,Incluido,ValorAdicional) VALUES ('18','12','False',113361);
INSERT INTO SERVICIOINMUEBLE (Servicio,Inmueble,Incluido,ValorAdicional) VALUES ('11','13','False',132001);
INSERT INTO SERVICIOINMUEBLE (Servicio,Inmueble,Incluido,ValorAdicional) VALUES ('12','50','True',0);
INSERT INTO SERVICIOINMUEBLE (Servicio,Inmueble,Incluido,ValorAdicional) VALUES ('12','8','True',0);
INSERT INTO SERVICIOINMUEBLE (Servicio,Inmueble,Incluido,ValorAdicional) VALUES ('15','15','True',0);
INSERT INTO SERVICIOINMUEBLE (Servicio,Inmueble,Incluido,ValorAdicional) VALUES ('2','20','True',0);
INSERT INTO SERVICIOINMUEBLE (Servicio,Inmueble,Incluido,ValorAdicional) VALUES ('19','9','True',0);
INSERT INTO SERVICIOINMUEBLE (Servicio,Inmueble,Incluido,ValorAdicional) VALUES ('16','22','True',0);
INSERT INTO SERVICIOINMUEBLE (Servicio,Inmueble,Incluido,ValorAdicional) VALUES ('9','38','True',0);
INSERT INTO SERVICIOINMUEBLE (Servicio,Inmueble,Incluido,ValorAdicional) VALUES ('3','35','True',0);
INSERT INTO SERVICIOINMUEBLE (Servicio,Inmueble,Incluido,ValorAdicional) VALUES ('22','35','False',141544);
INSERT INTO SERVICIOINMUEBLE (Servicio,Inmueble,Incluido,ValorAdicional) VALUES ('15','18','True',0);
INSERT INTO SERVICIOINMUEBLE (Servicio,Inmueble,Incluido,ValorAdicional) VALUES ('19','13','True',0);
INSERT INTO SERVICIOINMUEBLE (Servicio,Inmueble,Incluido,ValorAdicional) VALUES ('23','17','True',0);
INSERT INTO SERVICIOINMUEBLE (Servicio,Inmueble,Incluido,ValorAdicional) VALUES ('16','35','True',0);
INSERT INTO SERVICIOINMUEBLE (Servicio,Inmueble,Incluido,ValorAdicional) VALUES ('19','14','True',0);
INSERT INTO SERVICIOINMUEBLE (Servicio,Inmueble,Incluido,ValorAdicional) VALUES ('7','37','False',92309);
INSERT INTO SERVICIOINMUEBLE (Servicio,Inmueble,Incluido,ValorAdicional) VALUES ('12','3','False',17188);
INSERT INTO SERVICIOINMUEBLE (Servicio,Inmueble,Incluido,ValorAdicional) VALUES ('16','38','True',0);
INSERT INTO SERVICIOINMUEBLE (Servicio,Inmueble,Incluido,ValorAdicional) VALUES ('19','23','False',97057);
INSERT INTO SERVICIOINMUEBLE (Servicio,Inmueble,Incluido,ValorAdicional) VALUES ('11','20','False',89673);
INSERT INTO SERVICIOINMUEBLE (Servicio,Inmueble,Incluido,ValorAdicional) VALUES ('12','19','True',0);
INSERT INTO SERVICIOINMUEBLE (Servicio,Inmueble,Incluido,ValorAdicional) VALUES ('8','9','False',178141);
INSERT INTO SERVICIOINMUEBLE (Servicio,Inmueble,Incluido,ValorAdicional) VALUES ('3','33','False',104556);
INSERT INTO SERVICIOINMUEBLE (Servicio,Inmueble,Incluido,ValorAdicional) VALUES ('1','15','False',104118);
INSERT INTO SERVICIOINMUEBLE (Servicio,Inmueble,Incluido,ValorAdicional) VALUES ('11','21','False',149992);
INSERT INTO SERVICIOINMUEBLE (Servicio,Inmueble,Incluido,ValorAdicional) VALUES ('6','18','True',0);
INSERT INTO SERVICIOINMUEBLE (Servicio,Inmueble,Incluido,ValorAdicional) VALUES ('11','40','False',141819);
INSERT INTO SERVICIOINMUEBLE (Servicio,Inmueble,Incluido,ValorAdicional) VALUES ('3','18','True',0);
INSERT INTO SERVICIOINMUEBLE (Servicio,Inmueble,Incluido,ValorAdicional) VALUES ('7','46','False',123270);
INSERT INTO SERVICIOINMUEBLE (Servicio,Inmueble,Incluido,ValorAdicional) VALUES ('10','20','False',181618);
INSERT INTO SERVICIOINMUEBLE (Servicio,Inmueble,Incluido,ValorAdicional) VALUES ('9','20','True',0);
INSERT INTO SERVICIOINMUEBLE (Servicio,Inmueble,Incluido,ValorAdicional) VALUES ('9','41','True',0);
INSERT INTO SERVICIOINMUEBLE (Servicio,Inmueble,Incluido,ValorAdicional) VALUES ('9','28','False',172717);
INSERT INTO SERVICIOINMUEBLE (Servicio,Inmueble,Incluido,ValorAdicional) VALUES ('20','11','False',169569);
INSERT INTO SERVICIOINMUEBLE (Servicio,Inmueble,Incluido,ValorAdicional) VALUES ('10','18','False',179635);
INSERT INTO SERVICIOINMUEBLE (Servicio,Inmueble,Incluido,ValorAdicional) VALUES ('11','39','False',162237);
INSERT INTO SERVICIOINMUEBLE (Servicio,Inmueble,Incluido,ValorAdicional) VALUES ('16','50','True',0);
INSERT INTO SERVICIOINMUEBLE (Servicio,Inmueble,Incluido,ValorAdicional) VALUES ('18','19','True',0);
INSERT INTO SERVICIOINMUEBLE (Servicio,Inmueble,Incluido,ValorAdicional) VALUES ('6','41','False',146870);
INSERT INTO SERVICIOINMUEBLE (Servicio,Inmueble,Incluido,ValorAdicional) VALUES ('22','15','False',147831);
INSERT INTO SERVICIOINMUEBLE (Servicio,Inmueble,Incluido,ValorAdicional) VALUES ('10','33','True',0);
INSERT INTO SERVICIOINMUEBLE (Servicio,Inmueble,Incluido,ValorAdicional) VALUES ('22','6','True',0);
INSERT INTO SERVICIOINMUEBLE (Servicio,Inmueble,Incluido,ValorAdicional) VALUES ('9','24','False',101260);
INSERT INTO SERVICIOINMUEBLE (Servicio,Inmueble,Incluido,ValorAdicional) VALUES ('8','37','True',0);
INSERT INTO SERVICIOINMUEBLE (Servicio,Inmueble,Incluido,ValorAdicional) VALUES ('14','50','False',171067);
INSERT INTO SERVICIOINMUEBLE (Servicio,Inmueble,Incluido,ValorAdicional) VALUES ('3','19','True',0);
INSERT INTO SERVICIOINMUEBLE (Servicio,Inmueble,Incluido,ValorAdicional) VALUES ('5','10','True',0);
INSERT INTO SERVICIOINMUEBLE (Servicio,Inmueble,Incluido,ValorAdicional) VALUES ('14','8','True',0);
INSERT INTO SERVICIOINMUEBLE (Servicio,Inmueble,Incluido,ValorAdicional) VALUES ('18','21','False',174707);
INSERT INTO SERVICIOINMUEBLE (Servicio,Inmueble,Incluido,ValorAdicional) VALUES ('21','17','False',124778);
INSERT INTO SERVICIOINMUEBLE (Servicio,Inmueble,Incluido,ValorAdicional) VALUES ('10','24','False',161802);
INSERT INTO SERVICIOINMUEBLE (Servicio,Inmueble,Incluido,ValorAdicional) VALUES ('9','8','False',60597);
INSERT INTO SERVICIOINMUEBLE (Servicio,Inmueble,Incluido,ValorAdicional) VALUES ('8','2','False',36615);
INSERT INTO SERVICIOINMUEBLE (Servicio,Inmueble,Incluido,ValorAdicional) VALUES ('2','14','True',0);
INSERT INTO SERVICIOINMUEBLE (Servicio,Inmueble,Incluido,ValorAdicional) VALUES ('10','10','False',156511);
INSERT INTO SERVICIOINMUEBLE (Servicio,Inmueble,Incluido,ValorAdicional) VALUES ('11','17','True',0);
INSERT INTO SERVICIOINMUEBLE (Servicio,Inmueble,Incluido,ValorAdicional) VALUES ('5','48','False',53637);
INSERT INTO SERVICIOINMUEBLE (Servicio,Inmueble,Incluido,ValorAdicional) VALUES ('2','12','True',0);
INSERT INTO SERVICIOINMUEBLE (Servicio,Inmueble,Incluido,ValorAdicional) VALUES ('13','5','False',42913);
INSERT INTO SERVICIOINMUEBLE (Servicio,Inmueble,Incluido,ValorAdicional) VALUES ('16','8','True',0);
INSERT INTO SERVICIOINMUEBLE (Servicio,Inmueble,Incluido,ValorAdicional) VALUES ('12','9','False',59559);
INSERT INTO SERVICIOINMUEBLE (Servicio,Inmueble,Incluido,ValorAdicional) VALUES ('10','8','True',0);
INSERT INTO SERVICIOINMUEBLE (Servicio,Inmueble,Incluido,ValorAdicional) VALUES ('17','35','True',0);
INSERT INTO SERVICIOINMUEBLE (Servicio,Inmueble,Incluido,ValorAdicional) VALUES ('11','27','False',83438);
INSERT INTO SERVICIOINMUEBLE (Servicio,Inmueble,Incluido,ValorAdicional) VALUES ('5','43','False',35333);
INSERT INTO SERVICIOINMUEBLE (Servicio,Inmueble,Incluido,ValorAdicional) VALUES ('22','45','False',178703);
INSERT INTO SERVICIOINMUEBLE (Servicio,Inmueble,Incluido,ValorAdicional) VALUES ('9','42','True',0);
INSERT INTO SERVICIOINMUEBLE (Servicio,Inmueble,Incluido,ValorAdicional) VALUES ('2','17','True',0);
INSERT INTO SERVICIOINMUEBLE (Servicio,Inmueble,Incluido,ValorAdicional) VALUES ('18','23','False',147546);
INSERT INTO SERVICIOINMUEBLE (Servicio,Inmueble,Incluido,ValorAdicional) VALUES ('1','19','False',75378);
INSERT INTO SERVICIOINMUEBLE (Servicio,Inmueble,Incluido,ValorAdicional) VALUES ('23','2','False',181828);
INSERT INTO SERVICIOINMUEBLE (Servicio,Inmueble,Incluido,ValorAdicional) VALUES ('22','43','True',0);
INSERT INTO SERVICIOINMUEBLE (Servicio,Inmueble,Incluido,ValorAdicional) VALUES ('17','37','True',0);
INSERT INTO SERVICIOINMUEBLE (Servicio,Inmueble,Incluido,ValorAdicional) VALUES ('10','11','False',156215);
INSERT INTO SERVICIOINMUEBLE (Servicio,Inmueble,Incluido,ValorAdicional) VALUES ('22','36','False',132114);
INSERT INTO SERVICIOINMUEBLE (Servicio,Inmueble,Incluido,ValorAdicional) VALUES ('13','31','True',0);
INSERT INTO SERVICIOINMUEBLE (Servicio,Inmueble,Incluido,ValorAdicional) VALUES ('2','36','False',91981);
INSERT INTO SERVICIOINMUEBLE (Servicio,Inmueble,Incluido,ValorAdicional) VALUES ('17','1','False',97773);
INSERT INTO SERVICIOINMUEBLE (Servicio,Inmueble,Incluido,ValorAdicional) VALUES ('5','31','False',15559);
INSERT INTO SERVICIOINMUEBLE (Servicio,Inmueble,Incluido,ValorAdicional) VALUES ('16','26','True',0);
INSERT INTO SERVICIOINMUEBLE (Servicio,Inmueble,Incluido,ValorAdicional) VALUES ('22','49','False',12431);
INSERT INTO SERVICIOINMUEBLE (Servicio,Inmueble,Incluido,ValorAdicional) VALUES ('18','25','True',0);
INSERT INTO SERVICIOINMUEBLE (Servicio,Inmueble,Incluido,ValorAdicional) VALUES ('15','14','False',185471);
INSERT INTO SERVICIOINMUEBLE (Servicio,Inmueble,Incluido,ValorAdicional) VALUES ('17','19','True',0);
INSERT INTO SERVICIOINMUEBLE (Servicio,Inmueble,Incluido,ValorAdicional) VALUES ('13','11','False',188694);
INSERT INTO SERVICIOINMUEBLE (Servicio,Inmueble,Incluido,ValorAdicional) VALUES ('7','7','True',0);
INSERT INTO SERVICIOINMUEBLE (Servicio,Inmueble,Incluido,ValorAdicional) VALUES ('14','14','False',107609);
INSERT INTO SERVICIOINMUEBLE (Servicio,Inmueble,Incluido,ValorAdicional) VALUES ('1','27','True',0);
INSERT INTO SERVICIOINMUEBLE (Servicio,Inmueble,Incluido,ValorAdicional) VALUES ('17','14','False',157562);
INSERT INTO SERVICIOINMUEBLE (Servicio,Inmueble,Incluido,ValorAdicional) VALUES ('6','24','False',36834);
INSERT INTO SERVICIOINMUEBLE (Servicio,Inmueble,Incluido,ValorAdicional) VALUES ('19','28','False',1271);
INSERT INTO SERVICIOINMUEBLE (Servicio,Inmueble,Incluido,ValorAdicional) VALUES ('20','45','True',0);
INSERT INTO SERVICIOINMUEBLE (Servicio,Inmueble,Incluido,ValorAdicional) VALUES ('16','27','True',0);
INSERT INTO SERVICIOINMUEBLE (Servicio,Inmueble,Incluido,ValorAdicional) VALUES ('22','42','True',0);
INSERT INTO SERVICIOINMUEBLE (Servicio,Inmueble,Incluido,ValorAdicional) VALUES ('13','19','False',149408);
INSERT INTO SERVICIOINMUEBLE (Servicio,Inmueble,Incluido,ValorAdicional) VALUES ('23','46','False',194303);
INSERT INTO SERVICIOINMUEBLE (Servicio,Inmueble,Incluido,ValorAdicional) VALUES ('15','21','True',0);
INSERT INTO SERVICIOINMUEBLE (Servicio,Inmueble,Incluido,ValorAdicional) VALUES ('6','6','False',83442);
INSERT INTO SERVICIOINMUEBLE (Servicio,Inmueble,Incluido,ValorAdicional) VALUES ('7','41','False',67082);
INSERT INTO SERVICIOINMUEBLE (Servicio,Inmueble,Incluido,ValorAdicional) VALUES ('4','3','True',0);
INSERT INTO SERVICIOINMUEBLE (Servicio,Inmueble,Incluido,ValorAdicional) VALUES ('21','10','False',111696);
INSERT INTO SERVICIOINMUEBLE (Servicio,Inmueble,Incluido,ValorAdicional) VALUES ('3','36','True',0);
INSERT INTO SERVICIOINMUEBLE (Servicio,Inmueble,Incluido,ValorAdicional) VALUES ('16','40','True',0);
INSERT INTO SERVICIOINMUEBLE (Servicio,Inmueble,Incluido,ValorAdicional) VALUES ('9','17','False',86476);
INSERT INTO SERVICIOINMUEBLE (Servicio,Inmueble,Incluido,ValorAdicional) VALUES ('1','22','False',4173);
INSERT INTO SERVICIOINMUEBLE (Servicio,Inmueble,Incluido,ValorAdicional) VALUES ('11','33','False',195036);
INSERT INTO SERVICIOINMUEBLE (Servicio,Inmueble,Incluido,ValorAdicional) VALUES ('21','46','False',139336);
INSERT INTO SERVICIOINMUEBLE (Servicio,Inmueble,Incluido,ValorAdicional) VALUES ('22','39','False',82950);
INSERT INTO SERVICIOINMUEBLE (Servicio,Inmueble,Incluido,ValorAdicional) VALUES ('22','21','True',0);
INSERT INTO SERVICIOINMUEBLE (Servicio,Inmueble,Incluido,ValorAdicional) VALUES ('12','39','False',55583);
INSERT INTO SERVICIOINMUEBLE (Servicio,Inmueble,Incluido,ValorAdicional) VALUES ('19','25','False',170423);
INSERT INTO SERVICIOINMUEBLE (Servicio,Inmueble,Incluido,ValorAdicional) VALUES ('22','26','False',80939);
INSERT INTO SERVICIOINMUEBLE (Servicio,Inmueble,Incluido,ValorAdicional) VALUES ('3','3','True',0);
INSERT INTO SERVICIOINMUEBLE (Servicio,Inmueble,Incluido,ValorAdicional) VALUES ('16','9','False',84123);
INSERT INTO SERVICIOINMUEBLE (Servicio,Inmueble,Incluido,ValorAdicional) VALUES ('21','9','False',9575);
INSERT INTO SERVICIOINMUEBLE (Servicio,Inmueble,Incluido,ValorAdicional) VALUES ('13','41','True',0);
INSERT INTO SERVICIOINMUEBLE (Servicio,Inmueble,Incluido,ValorAdicional) VALUES ('15','33','True',0);
INSERT INTO SERVICIOINMUEBLE (Servicio,Inmueble,Incluido,ValorAdicional) VALUES ('20','4','False',173483);
INSERT INTO SERVICIOINMUEBLE (Servicio,Inmueble,Incluido,ValorAdicional) VALUES ('6','28','True',0);
INSERT INTO SERVICIOINMUEBLE (Servicio,Inmueble,Incluido,ValorAdicional) VALUES ('21','38','False',196697);
INSERT INTO SERVICIOINMUEBLE (Servicio,Inmueble,Incluido,ValorAdicional) VALUES ('4','17','False',33553);
INSERT INTO SERVICIOINMUEBLE (Servicio,Inmueble,Incluido,ValorAdicional) VALUES ('14','47','True',0);
INSERT INTO SERVICIOINMUEBLE (Servicio,Inmueble,Incluido,ValorAdicional) VALUES ('23','23','True',0);
INSERT INTO SERVICIOINMUEBLE (Servicio,Inmueble,Incluido,ValorAdicional) VALUES ('6','12','False',40732);
INSERT INTO SERVICIOINMUEBLE (Servicio,Inmueble,Incluido,ValorAdicional) VALUES ('2','5','True',0);
INSERT INTO SERVICIOINMUEBLE (Servicio,Inmueble,Incluido,ValorAdicional) VALUES ('5','40','True',0);
INSERT INTO SERVICIOINMUEBLE (Servicio,Inmueble,Incluido,ValorAdicional) VALUES ('2','48','False',62881);
INSERT INTO SERVICIOINMUEBLE (Servicio,Inmueble,Incluido,ValorAdicional) VALUES ('3','44','False',28629);
INSERT INTO SERVICIOINMUEBLE (Servicio,Inmueble,Incluido,ValorAdicional) VALUES ('9','49','False',84832);
INSERT INTO SERVICIOINMUEBLE (Servicio,Inmueble,Incluido,ValorAdicional) VALUES ('7','30','False',184215);
INSERT INTO SERVICIOINMUEBLE (Servicio,Inmueble,Incluido,ValorAdicional) VALUES ('11','18','False',128894);
INSERT INTO SERVICIOINMUEBLE (Servicio,Inmueble,Incluido,ValorAdicional) VALUES ('22','2','False',180731);
INSERT INTO SERVICIOINMUEBLE (Servicio,Inmueble,Incluido,ValorAdicional) VALUES ('16','21','False',84927);
INSERT INTO SERVICIOINMUEBLE (Servicio,Inmueble,Incluido,ValorAdicional) VALUES ('23','41','False',124284);
INSERT INTO SERVICIOINMUEBLE (Servicio,Inmueble,Incluido,ValorAdicional) VALUES ('8','27','False',6116);
INSERT INTO SERVICIOINMUEBLE (Servicio,Inmueble,Incluido,ValorAdicional) VALUES ('8','39','False',25409);
INSERT INTO SERVICIOINMUEBLE (Servicio,Inmueble,Incluido,ValorAdicional) VALUES ('9','43','False',36518);
INSERT INTO SERVICIOINMUEBLE (Servicio,Inmueble,Incluido,ValorAdicional) VALUES ('19','46','False',7840);
INSERT INTO SERVICIOINMUEBLE (Servicio,Inmueble,Incluido,ValorAdicional) VALUES ('13','20','False',72266);
INSERT INTO SERVICIOINMUEBLE (Servicio,Inmueble,Incluido,ValorAdicional) VALUES ('19','27','False',81019);
INSERT INTO SERVICIOINMUEBLE (Servicio,Inmueble,Incluido,ValorAdicional) VALUES ('19','19','False',152478);
INSERT INTO SERVICIOINMUEBLE (Servicio,Inmueble,Incluido,ValorAdicional) VALUES ('1','25','False',40159);
INSERT INTO SERVICIOINMUEBLE (Servicio,Inmueble,Incluido,ValorAdicional) VALUES ('23','5','False',140353);
INSERT INTO SERVICIOINMUEBLE (Servicio,Inmueble,Incluido,ValorAdicional) VALUES ('17','47','False',27664);
INSERT INTO SERVICIOINMUEBLE (Servicio,Inmueble,Incluido,ValorAdicional) VALUES ('5','9','False',9189);
INSERT INTO SERVICIOINMUEBLE (Servicio,Inmueble,Incluido,ValorAdicional) VALUES ('2','21','False',145828);
INSERT INTO SERVICIOINMUEBLE (Servicio,Inmueble,Incluido,ValorAdicional) VALUES ('18','10','False',157850);
INSERT INTO SERVICIOINMUEBLE (Servicio,Inmueble,Incluido,ValorAdicional) VALUES ('14','5','False',132218);
INSERT INTO SERVICIOINMUEBLE (Servicio,Inmueble,Incluido,ValorAdicional) VALUES ('4','34','False',82776);
INSERT INTO SERVICIOINMUEBLE (Servicio,Inmueble,Incluido,ValorAdicional) VALUES ('2','26','False',157372);
INSERT INTO SERVICIOINMUEBLE (Servicio,Inmueble,Incluido,ValorAdicional) VALUES ('7','8','False',199638);
INSERT INTO SERVICIOINMUEBLE (Servicio,Inmueble,Incluido,ValorAdicional) VALUES ('4','5','False',36401);
INSERT INTO SERVICIOINMUEBLE (Servicio,Inmueble,Incluido,ValorAdicional) VALUES ('6','17','False',67254);
INSERT INTO SERVICIOINMUEBLE (Servicio,Inmueble,Incluido,ValorAdicional) VALUES ('8','16','False',48434);
INSERT INTO SERVICIOINMUEBLE (Servicio,Inmueble,Incluido,ValorAdicional) VALUES ('8','41','False',114255);
INSERT INTO SERVICIOINMUEBLE (Servicio,Inmueble,Incluido,ValorAdicional) VALUES ('18','30','False',143419);
INSERT INTO SERVICIOINMUEBLE (Servicio,Inmueble,Incluido,ValorAdicional) VALUES ('12','45','False',99148);
INSERT INTO SERVICIOINMUEBLE (Servicio,Inmueble,Incluido,ValorAdicional) VALUES ('19','29','True',0);
INSERT INTO SERVICIOINMUEBLE (Servicio,Inmueble,Incluido,ValorAdicional) VALUES ('13','4','True',0);
INSERT INTO SERVICIOINMUEBLE (Servicio,Inmueble,Incluido,ValorAdicional) VALUES ('15','22','True',0);
INSERT INTO SERVICIOINMUEBLE (Servicio,Inmueble,Incluido,ValorAdicional) VALUES ('23','45','True',0);
INSERT INTO SERVICIOINMUEBLE (Servicio,Inmueble,Incluido,ValorAdicional) VALUES ('8','20','False',157362);
INSERT INTO SERVICIOINMUEBLE (Servicio,Inmueble,Incluido,ValorAdicional) VALUES ('20','6','False',148552);
INSERT INTO SERVICIOINMUEBLE (Servicio,Inmueble,Incluido,ValorAdicional) VALUES ('18','1','False',198322);
INSERT INTO SERVICIOINMUEBLE (Servicio,Inmueble,Incluido,ValorAdicional) VALUES ('9','29','False',24892);
INSERT INTO SERVICIOINMUEBLE (Servicio,Inmueble,Incluido,ValorAdicional) VALUES ('4','32','False',21303);
INSERT INTO SERVICIOINMUEBLE (Servicio,Inmueble,Incluido,ValorAdicional) VALUES ('16','47','False',19942);
INSERT INTO SERVICIOINMUEBLE (Servicio,Inmueble,Incluido,ValorAdicional) VALUES ('10','35','False',11537);
INSERT INTO SERVICIOINMUEBLE (Servicio,Inmueble,Incluido,ValorAdicional) VALUES ('18','33','False',135773);
INSERT INTO SERVICIOINMUEBLE (Servicio,Inmueble,Incluido,ValorAdicional) VALUES ('1','33','False',55587);
INSERT INTO SERVICIOINMUEBLE (Servicio,Inmueble,Incluido,ValorAdicional) VALUES ('7','36','False',172264);
INSERT INTO SERVICIOINMUEBLE (Servicio,Inmueble,Incluido,ValorAdicional) VALUES ('10','17','False',53976);
INSERT INTO SERVICIOINMUEBLE (Servicio,Inmueble,Incluido,ValorAdicional) VALUES ('17','40','False',77032);
INSERT INTO SERVICIOINMUEBLE (Servicio,Inmueble,Incluido,ValorAdicional) VALUES ('15','40','False',145762);
INSERT INTO SERVICIOINMUEBLE (Servicio,Inmueble,Incluido,ValorAdicional) VALUES ('21','39','False',111336);
INSERT INTO SERVICIOINMUEBLE (Servicio,Inmueble,Incluido,ValorAdicional) VALUES ('19','6','False',55484);
INSERT INTO SERVICIOINMUEBLE (Servicio,Inmueble,Incluido,ValorAdicional) VALUES ('11','19','False',157360);
INSERT INTO SERVICIOINMUEBLE (Servicio,Inmueble,Incluido,ValorAdicional) VALUES ('14','38','False',112222);
INSERT INTO SERVICIOINMUEBLE (Servicio,Inmueble,Incluido,ValorAdicional) VALUES ('16','28','False',115301);
INSERT INTO SERVICIOINMUEBLE (Servicio,Inmueble,Incluido,ValorAdicional) VALUES ('7','23','True',0);
INSERT INTO SERVICIOINMUEBLE (Servicio,Inmueble,Incluido,ValorAdicional) VALUES ('15','46','True',0);
INSERT INTO SERVICIOINMUEBLE (Servicio,Inmueble,Incluido,ValorAdicional) VALUES ('3','2','True',0);
INSERT INTO SERVICIOINMUEBLE (Servicio,Inmueble,Incluido,ValorAdicional) VALUES ('13','34','True',0);
INSERT INTO SERVICIOINMUEBLE (Servicio,Inmueble,Incluido,ValorAdicional) VALUES ('7','32','True',0);
INSERT INTO SERVICIOINMUEBLE (Servicio,Inmueble,Incluido,ValorAdicional) VALUES ('2','49','True',0);
INSERT INTO SERVICIOINMUEBLE (Servicio,Inmueble,Incluido,ValorAdicional) VALUES ('5','39','False',150898);
INSERT INTO SERVICIOINMUEBLE (Servicio,Inmueble,Incluido,ValorAdicional) VALUES ('19','8','False',150519);
INSERT INTO SERVICIOINMUEBLE (Servicio,Inmueble,Incluido,ValorAdicional) VALUES ('1','28','False',195552);
INSERT INTO SERVICIOINMUEBLE (Servicio,Inmueble,Incluido,ValorAdicional) VALUES ('14','46','False',156689);
INSERT INTO SERVICIOINMUEBLE (Servicio,Inmueble,Incluido,ValorAdicional) VALUES ('9','12','False',76970);
INSERT INTO SERVICIOINMUEBLE (Servicio,Inmueble,Incluido,ValorAdicional) VALUES ('1','46','False',146348);
INSERT INTO SERVICIOINMUEBLE (Servicio,Inmueble,Incluido,ValorAdicional) VALUES ('1','17','False',164007);
INSERT INTO SERVICIOINMUEBLE (Servicio,Inmueble,Incluido,ValorAdicional) VALUES ('14','9','False',133217);
INSERT INTO SERVICIOINMUEBLE (Servicio,Inmueble,Incluido,ValorAdicional) VALUES ('16','48','False',122656);
INSERT INTO SERVICIOINMUEBLE (Servicio,Inmueble,Incluido,ValorAdicional) VALUES ('6','38','False',110918);
INSERT INTO SERVICIOINMUEBLE (Servicio,Inmueble,Incluido,ValorAdicional) VALUES ('4','7','False',139304);
INSERT INTO SERVICIOINMUEBLE (Servicio,Inmueble,Incluido,ValorAdicional) VALUES ('10','12','False',87826);
INSERT INTO SERVICIOINMUEBLE (Servicio,Inmueble,Incluido,ValorAdicional) VALUES ('5','19','True',0);
INSERT INTO SERVICIOINMUEBLE (Servicio,Inmueble,Incluido,ValorAdicional) VALUES ('2','23','False',62432);
INSERT INTO SERVICIOINMUEBLE (Servicio,Inmueble,Incluido,ValorAdicional) VALUES ('19','40','False',199645);
INSERT INTO SERVICIOINMUEBLE (Servicio,Inmueble,Incluido,ValorAdicional) VALUES ('16','36','False',163762);
INSERT INTO SERVICIOINMUEBLE (Servicio,Inmueble,Incluido,ValorAdicional) VALUES ('19','1','True',0);
INSERT INTO SERVICIOINMUEBLE (Servicio,Inmueble,Incluido,ValorAdicional) VALUES ('6','42','False',53191);
INSERT INTO SERVICIOINMUEBLE (Servicio,Inmueble,Incluido,ValorAdicional) VALUES ('14','45','True',0);
INSERT INTO SERVICIOINMUEBLE (Servicio,Inmueble,Incluido,ValorAdicional) VALUES ('15','38','False',176219);
INSERT INTO SERVICIOINMUEBLE (Servicio,Inmueble,Incluido,ValorAdicional) VALUES ('5','4','True',0);
INSERT INTO SERVICIOINMUEBLE (Servicio,Inmueble,Incluido,ValorAdicional) VALUES ('16','17','False',71359);
INSERT INTO SERVICIOINMUEBLE (Servicio,Inmueble,Incluido,ValorAdicional) VALUES ('9','27','True',0);
INSERT INTO SERVICIOINMUEBLE (Servicio,Inmueble,Incluido,ValorAdicional) VALUES ('11','47','False',167884);
INSERT INTO SERVICIOINMUEBLE (Servicio,Inmueble,Incluido,ValorAdicional) VALUES ('22','7','False',45514);
INSERT INTO SERVICIOINMUEBLE (Servicio,Inmueble,Incluido,ValorAdicional) VALUES ('14','7','True',0);
INSERT INTO SERVICIOINMUEBLE (Servicio,Inmueble,Incluido,ValorAdicional) VALUES ('20','50','False',35910);
INSERT INTO SERVICIOINMUEBLE (Servicio,Inmueble,Incluido,ValorAdicional) VALUES ('1','43','False',170734);
INSERT INTO SERVICIOINMUEBLE (Servicio,Inmueble,Incluido,ValorAdicional) VALUES ('5','7','True',0);
INSERT INTO SERVICIOINMUEBLE (Servicio,Inmueble,Incluido,ValorAdicional) VALUES ('10','13','False',189856);
INSERT INTO SERVICIOINMUEBLE (Servicio,Inmueble,Incluido,ValorAdicional) VALUES ('3','16','True',0);
INSERT INTO SERVICIOINMUEBLE (Servicio,Inmueble,Incluido,ValorAdicional) VALUES ('20','27','False',189469);
INSERT INTO SERVICIOINMUEBLE (Servicio,Inmueble,Incluido,ValorAdicional) VALUES ('12','5','False',120664);
INSERT INTO SERVICIOINMUEBLE (Servicio,Inmueble,Incluido,ValorAdicional) VALUES ('4','46','False',122268);
INSERT INTO SERVICIOINMUEBLE (Servicio,Inmueble,Incluido,ValorAdicional) VALUES ('1','1','True',0);
INSERT INTO SERVICIOINMUEBLE (Servicio,Inmueble,Incluido,ValorAdicional) VALUES ('23','19','True',0);
INSERT INTO SERVICIOINMUEBLE (Servicio,Inmueble,Incluido,ValorAdicional) VALUES ('19','39','False',108323);
INSERT INTO SERVICIOINMUEBLE (Servicio,Inmueble,Incluido,ValorAdicional) VALUES ('17','42','False',78248);
INSERT INTO SERVICIOINMUEBLE (Servicio,Inmueble,Incluido,ValorAdicional) VALUES ('17','41','True',0);
INSERT INTO SERVICIOINMUEBLE (Servicio,Inmueble,Incluido,ValorAdicional) VALUES ('2','25','False',9133);


INSERT INTO RESERVA (Id,FechaInicio,FechaFin,Cliente,Inmueble) VALUES ('161','2023-05-14','2022-08-07','16372','38');
INSERT INTO RESERVA (Id,FechaInicio,FechaFin,Cliente,Inmueble) VALUES ('884','2023-07-15','2023-11-22','38055','40');
INSERT INTO RESERVA (Id,FechaInicio,FechaFin,Cliente,Inmueble) VALUES ('668','2022-07-13','2022-06-10','25480','32');
INSERT INTO RESERVA (Id,FechaInicio,FechaFin,Cliente,Inmueble) VALUES ('732','2023-08-29','2022-11-22','86665','47');
INSERT INTO RESERVA (Id,FechaInicio,FechaFin,Cliente,Inmueble) VALUES ('880','2022-05-05','2022-01-26','96051','45');
INSERT INTO RESERVA (Id,FechaInicio,FechaFin,Cliente,Inmueble) VALUES ('996','2023-08-25','2022-11-14','18785','49');
INSERT INTO RESERVA (Id,FechaInicio,FechaFin,Cliente,Inmueble) VALUES ('243','2023-01-19','2022-10-31','99266','21');
INSERT INTO RESERVA (Id,FechaInicio,FechaFin,Cliente,Inmueble) VALUES ('281','2023-08-06','2022-10-04','49686','46');
INSERT INTO RESERVA (Id,FechaInicio,FechaFin,Cliente,Inmueble) VALUES ('440','2023-04-12','2023-04-08','82799','36');
INSERT INTO RESERVA (Id,FechaInicio,FechaFin,Cliente,Inmueble) VALUES ('587','2022-11-29','2023-01-26','96962','13');
INSERT INTO RESERVA (Id,FechaInicio,FechaFin,Cliente,Inmueble) VALUES ('249','2023-05-11','2022-02-26','73602','11');
INSERT INTO RESERVA (Id,FechaInicio,FechaFin,Cliente,Inmueble) VALUES ('501','2023-06-19','2023-04-24','68697','3');
INSERT INTO RESERVA (Id,FechaInicio,FechaFin,Cliente,Inmueble) VALUES ('259','2022-08-04','2022-01-29','94494','42');
INSERT INTO RESERVA (Id,FechaInicio,FechaFin,Cliente,Inmueble) VALUES ('748','2023-01-06','2023-11-22','92016','26');
INSERT INTO RESERVA (Id,FechaInicio,FechaFin,Cliente,Inmueble) VALUES ('224','2023-11-30','2023-03-06','65363','46');
INSERT INTO RESERVA (Id,FechaInicio,FechaFin,Cliente,Inmueble) VALUES ('193','2023-07-09','2023-01-23','50270','25');
INSERT INTO RESERVA (Id,FechaInicio,FechaFin,Cliente,Inmueble) VALUES ('194','2023-08-14','2022-10-19','42019','46');
INSERT INTO RESERVA (Id,FechaInicio,FechaFin,Cliente,Inmueble) VALUES ('591','2023-10-10','2022-04-23','17989','14');
INSERT INTO RESERVA (Id,FechaInicio,FechaFin,Cliente,Inmueble) VALUES ('572','2022-04-09','2023-01-03','18785','24');
INSERT INTO RESERVA (Id,FechaInicio,FechaFin,Cliente,Inmueble) VALUES ('858','2023-06-18','2022-06-03','69734','34');
INSERT INTO RESERVA (Id,FechaInicio,FechaFin,Cliente,Inmueble) VALUES ('606','2023-02-11','2022-08-08','17231','50');
INSERT INTO RESERVA (Id,FechaInicio,FechaFin,Cliente,Inmueble) VALUES ('751','2023-10-03','2022-10-16','80167','17');
INSERT INTO RESERVA (Id,FechaInicio,FechaFin,Cliente,Inmueble) VALUES ('777','2023-02-19','2022-05-31','41523','48');
INSERT INTO RESERVA (Id,FechaInicio,FechaFin,Cliente,Inmueble) VALUES ('573','2023-09-29','2022-08-16','40970','37');
INSERT INTO RESERVA (Id,FechaInicio,FechaFin,Cliente,Inmueble) VALUES ('204','2023-01-20','2022-03-11','76767','35');
INSERT INTO RESERVA (Id,FechaInicio,FechaFin,Cliente,Inmueble) VALUES ('794','2023-05-28','2022-09-30','41523','18');
INSERT INTO RESERVA (Id,FechaInicio,FechaFin,Cliente,Inmueble) VALUES ('726','2022-08-14','2022-08-31','37373','21');
INSERT INTO RESERVA (Id,FechaInicio,FechaFin,Cliente,Inmueble) VALUES ('807','2022-10-17','2022-03-10','96849','3');
INSERT INTO RESERVA (Id,FechaInicio,FechaFin,Cliente,Inmueble) VALUES ('575','2022-12-14','2022-10-22','80056','11');
INSERT INTO RESERVA (Id,FechaInicio,FechaFin,Cliente,Inmueble) VALUES ('825','2023-02-11','2023-12-05','24703','11');
INSERT INTO RESERVA (Id,FechaInicio,FechaFin,Cliente,Inmueble) VALUES ('743','2023-11-27','2022-09-26','38055','3');
INSERT INTO RESERVA (Id,FechaInicio,FechaFin,Cliente,Inmueble) VALUES ('764','2023-06-14','2023-08-18','98040','33');
INSERT INTO RESERVA (Id,FechaInicio,FechaFin,Cliente,Inmueble) VALUES ('754','2022-11-23','2023-07-01','66177','28');
INSERT INTO RESERVA (Id,FechaInicio,FechaFin,Cliente,Inmueble) VALUES ('174','2023-02-07','2022-07-25','58420','41');
INSERT INTO RESERVA (Id,FechaInicio,FechaFin,Cliente,Inmueble) VALUES ('372','2023-01-30','2023-05-30','96962','6');
INSERT INTO RESERVA (Id,FechaInicio,FechaFin,Cliente,Inmueble) VALUES ('357','2023-09-01','2023-01-11','25109','9');
INSERT INTO RESERVA (Id,FechaInicio,FechaFin,Cliente,Inmueble) VALUES ('720','2022-07-26','2023-01-11','96139','47');
INSERT INTO RESERVA (Id,FechaInicio,FechaFin,Cliente,Inmueble) VALUES ('718','2022-07-04','2022-11-16','42019','10');
INSERT INTO RESERVA (Id,FechaInicio,FechaFin,Cliente,Inmueble) VALUES ('274','2023-03-15','2022-09-04','27591','30');
INSERT INTO RESERVA (Id,FechaInicio,FechaFin,Cliente,Inmueble) VALUES ('429','2023-08-19','2022-10-15','40122','26');
INSERT INTO RESERVA (Id,FechaInicio,FechaFin,Cliente,Inmueble) VALUES ('126','2023-05-27','2022-08-27','71622','33');
INSERT INTO RESERVA (Id,FechaInicio,FechaFin,Cliente,Inmueble) VALUES ('113','2022-07-20','2023-06-03','59500','40');
INSERT INTO RESERVA (Id,FechaInicio,FechaFin,Cliente,Inmueble) VALUES ('706','2023-08-30','2023-11-22','78111','23');
INSERT INTO RESERVA (Id,FechaInicio,FechaFin,Cliente,Inmueble) VALUES ('855','2022-02-14','2022-06-16','58420','45');
INSERT INTO RESERVA (Id,FechaInicio,FechaFin,Cliente,Inmueble) VALUES ('826','2023-03-29','2022-05-22','13400','11');
INSERT INTO RESERVA (Id,FechaInicio,FechaFin,Cliente,Inmueble) VALUES ('733','2023-10-03','2023-06-17','20414','13');
INSERT INTO RESERVA (Id,FechaInicio,FechaFin,Cliente,Inmueble) VALUES ('160','2023-09-02','2023-06-06','27520','3');
INSERT INTO RESERVA (Id,FechaInicio,FechaFin,Cliente,Inmueble) VALUES ('941','2022-04-15','2023-10-24','85887','40');
INSERT INTO RESERVA (Id,FechaInicio,FechaFin,Cliente,Inmueble) VALUES ('782','2022-05-02','2022-05-28','66177','15');
INSERT INTO RESERVA (Id,FechaInicio,FechaFin,Cliente,Inmueble) VALUES ('523','2023-05-19','2022-10-31','34865','43');
INSERT INTO RESERVA (Id,FechaInicio,FechaFin,Cliente,Inmueble) VALUES ('458','2022-12-25','2023-01-17','41523','32');
INSERT INTO RESERVA (Id,FechaInicio,FechaFin,Cliente,Inmueble) VALUES ('721','2023-02-05','2022-09-30','67437','7');
INSERT INTO RESERVA (Id,FechaInicio,FechaFin,Cliente,Inmueble) VALUES ('471','2023-05-04','2022-03-23','86665','30');
INSERT INTO RESERVA (Id,FechaInicio,FechaFin,Cliente,Inmueble) VALUES ('557','2023-12-14','2023-09-07','84591','31');
INSERT INTO RESERVA (Id,FechaInicio,FechaFin,Cliente,Inmueble) VALUES ('565','2023-02-20','2023-05-23','49686','48');
INSERT INTO RESERVA (Id,FechaInicio,FechaFin,Cliente,Inmueble) VALUES ('783','2023-03-16','2022-09-25','86142','38');
INSERT INTO RESERVA (Id,FechaInicio,FechaFin,Cliente,Inmueble) VALUES ('206','2023-08-21','2022-08-01','17989','11');
INSERT INTO RESERVA (Id,FechaInicio,FechaFin,Cliente,Inmueble) VALUES ('891','2023-07-02','2023-01-20','11354','17');
INSERT INTO RESERVA (Id,FechaInicio,FechaFin,Cliente,Inmueble) VALUES ('796','2023-08-30','2023-12-07','49686','14');
INSERT INTO RESERVA (Id,FechaInicio,FechaFin,Cliente,Inmueble) VALUES ('731','2023-08-04','2022-12-14','62179','37');
INSERT INTO RESERVA (Id,FechaInicio,FechaFin,Cliente,Inmueble) VALUES ('504','2023-06-15','2023-04-27','24074','17');
INSERT INTO RESERVA (Id,FechaInicio,FechaFin,Cliente,Inmueble) VALUES ('948','2022-02-19','2023-03-30','68726','25');
INSERT INTO RESERVA (Id,FechaInicio,FechaFin,Cliente,Inmueble) VALUES ('985','2022-04-22','2023-05-15','78111','43');
INSERT INTO RESERVA (Id,FechaInicio,FechaFin,Cliente,Inmueble) VALUES ('312','2023-12-08','2022-04-24','96139','12');
INSERT INTO RESERVA (Id,FechaInicio,FechaFin,Cliente,Inmueble) VALUES ('182','2022-07-03','2023-04-16','66177','28');
INSERT INTO RESERVA (Id,FechaInicio,FechaFin,Cliente,Inmueble) VALUES ('356','2023-01-02','2022-01-21','46776','14');
INSERT INTO RESERVA (Id,FechaInicio,FechaFin,Cliente,Inmueble) VALUES ('881','2023-12-22','2023-01-22','77922','37');
INSERT INTO RESERVA (Id,FechaInicio,FechaFin,Cliente,Inmueble) VALUES ('175','2023-07-14','2022-08-15','14647','31');
INSERT INTO RESERVA (Id,FechaInicio,FechaFin,Cliente,Inmueble) VALUES ('708','2022-05-13','2022-04-12','86053','5');
INSERT INTO RESERVA (Id,FechaInicio,FechaFin,Cliente,Inmueble) VALUES ('964','2022-03-01','2022-07-14','17989','10');
INSERT INTO RESERVA (Id,FechaInicio,FechaFin,Cliente,Inmueble) VALUES ('981','2023-10-07','2022-04-16','95282','33');
INSERT INTO RESERVA (Id,FechaInicio,FechaFin,Cliente,Inmueble) VALUES ('199','2023-05-31','2023-11-07','62179','13');
INSERT INTO RESERVA (Id,FechaInicio,FechaFin,Cliente,Inmueble) VALUES ('132','2022-11-05','2022-05-09','96198','40');
INSERT INTO RESERVA (Id,FechaInicio,FechaFin,Cliente,Inmueble) VALUES ('972','2023-05-28','2023-04-05','40223','29');
INSERT INTO RESERVA (Id,FechaInicio,FechaFin,Cliente,Inmueble) VALUES ('213','2023-11-28','2023-07-17','24703','16');
INSERT INTO RESERVA (Id,FechaInicio,FechaFin,Cliente,Inmueble) VALUES ('999','2022-12-21','2022-12-23','95282','17');
INSERT INTO RESERVA (Id,FechaInicio,FechaFin,Cliente,Inmueble) VALUES ('314','2022-03-24','2023-01-29','94494','41');
INSERT INTO RESERVA (Id,FechaInicio,FechaFin,Cliente,Inmueble) VALUES ('658','2023-12-26','2023-06-16','88871','15');
INSERT INTO RESERVA (Id,FechaInicio,FechaFin,Cliente,Inmueble) VALUES ('916','2022-09-02','2022-10-08','37373','31');
INSERT INTO RESERVA (Id,FechaInicio,FechaFin,Cliente,Inmueble) VALUES ('767','2022-05-13','2023-09-30','85887','9');
INSERT INTO RESERVA (Id,FechaInicio,FechaFin,Cliente,Inmueble) VALUES ('112','2022-12-31','2023-11-11','86142','30');
INSERT INTO RESERVA (Id,FechaInicio,FechaFin,Cliente,Inmueble) VALUES ('358','2023-09-16','2023-03-30','42700','43');
INSERT INTO RESERVA (Id,FechaInicio,FechaFin,Cliente,Inmueble) VALUES ('184','2023-01-22','2023-01-20','49968','34');
INSERT INTO RESERVA (Id,FechaInicio,FechaFin,Cliente,Inmueble) VALUES ('240','2023-09-15','2022-11-19','94942','42');
INSERT INTO RESERVA (Id,FechaInicio,FechaFin,Cliente,Inmueble) VALUES ('946','2022-02-28','2023-03-31','54250','45');
INSERT INTO RESERVA (Id,FechaInicio,FechaFin,Cliente,Inmueble) VALUES ('262','2023-07-09','2023-08-18','73602','43');
INSERT INTO RESERVA (Id,FechaInicio,FechaFin,Cliente,Inmueble) VALUES ('191','2023-12-04','2023-01-13','23688','42');
INSERT INTO RESERVA (Id,FechaInicio,FechaFin,Cliente,Inmueble) VALUES ('238','2022-10-04','2023-07-26','83669','3');
INSERT INTO RESERVA (Id,FechaInicio,FechaFin,Cliente,Inmueble) VALUES ('114','2022-12-12','2022-03-03','31937','24');
INSERT INTO RESERVA (Id,FechaInicio,FechaFin,Cliente,Inmueble) VALUES ('488','2022-05-17','2023-07-26','12961','41');
INSERT INTO RESERVA (Id,FechaInicio,FechaFin,Cliente,Inmueble) VALUES ('612','2022-07-15','2023-08-01','80056','31');
INSERT INTO RESERVA (Id,FechaInicio,FechaFin,Cliente,Inmueble) VALUES ('686','2022-01-09','2023-10-01','59500','36');
INSERT INTO RESERVA (Id,FechaInicio,FechaFin,Cliente,Inmueble) VALUES ('236','2022-05-02','2022-06-13','82424','39');
INSERT INTO RESERVA (Id,FechaInicio,FechaFin,Cliente,Inmueble) VALUES ('671','2022-06-06','2022-07-08','92016','50');
INSERT INTO RESERVA (Id,FechaInicio,FechaFin,Cliente,Inmueble) VALUES ('300','2022-03-25','2023-01-03','66177','13');
INSERT INTO RESERVA (Id,FechaInicio,FechaFin,Cliente,Inmueble) VALUES ('336','2022-08-08','2022-08-02','86053','29');
INSERT INTO RESERVA (Id,FechaInicio,FechaFin,Cliente,Inmueble) VALUES ('950','2022-02-19','2023-06-04','96139','20');
INSERT INTO RESERVA (Id,FechaInicio,FechaFin,Cliente,Inmueble) VALUES ('337','2022-07-28','2023-04-29','22542','30');
INSERT INTO RESERVA (Id,FechaInicio,FechaFin,Cliente,Inmueble) VALUES ('643','2022-03-30','2022-11-10','58141','38');
INSERT INTO RESERVA (Id,FechaInicio,FechaFin,Cliente,Inmueble) VALUES ('435','2023-12-16','2023-02-20','96198','46');


INSERT INTO SERVICIOSUSADOS (Servicio,Inmueble,Reserva) VALUES ('15','14','175');
INSERT INTO SERVICIOSUSADOS (Servicio,Inmueble,Reserva) VALUES ('21','17','440');
INSERT INTO SERVICIOSUSADOS (Servicio,Inmueble,Reserva) VALUES ('4','45','356');
INSERT INTO SERVICIOSUSADOS (Servicio,Inmueble,Reserva) VALUES ('4','7','782');
INSERT INTO SERVICIOSUSADOS (Servicio,Inmueble,Reserva) VALUES ('9','29','174');
INSERT INTO SERVICIOSUSADOS (Servicio,Inmueble,Reserva) VALUES ('8','27','916');
INSERT INTO SERVICIOSUSADOS (Servicio,Inmueble,Reserva) VALUES ('7','46','884');
INSERT INTO SERVICIOSUSADOS (Servicio,Inmueble,Reserva) VALUES ('5','9','612');
INSERT INTO SERVICIOSUSADOS (Servicio,Inmueble,Reserva) VALUES ('7','32','718');
INSERT INTO SERVICIOSUSADOS (Servicio,Inmueble,Reserva) VALUES ('4','46','767');
INSERT INTO SERVICIOSUSADOS (Servicio,Inmueble,Reserva) VALUES ('18','15','199');
INSERT INTO SERVICIOSUSADOS (Servicio,Inmueble,Reserva) VALUES ('6','36','193');
INSERT INTO SERVICIOSUSADOS (Servicio,Inmueble,Reserva) VALUES ('12','45','686');
INSERT INTO SERVICIOSUSADOS (Servicio,Inmueble,Reserva) VALUES ('13','31','686');
INSERT INTO SERVICIOSUSADOS (Servicio,Inmueble,Reserva) VALUES ('12','19','337');
INSERT INTO SERVICIOSUSADOS (Servicio,Inmueble,Reserva) VALUES ('16','50','606');
INSERT INTO SERVICIOSUSADOS (Servicio,Inmueble,Reserva) VALUES ('19','19','191');
INSERT INTO SERVICIOSUSADOS (Servicio,Inmueble,Reserva) VALUES ('3','18','891');
INSERT INTO SERVICIOSUSADOS (Servicio,Inmueble,Reserva) VALUES ('6','28','236');
INSERT INTO SERVICIOSUSADOS (Servicio,Inmueble,Reserva) VALUES ('11','15','126');
INSERT INTO SERVICIOSUSADOS (Servicio,Inmueble,Reserva) VALUES ('10','3','236');
INSERT INTO SERVICIOSUSADOS (Servicio,Inmueble,Reserva) VALUES ('11','18','718');
INSERT INTO SERVICIOSUSADOS (Servicio,Inmueble,Reserva) VALUES ('12','9','916');
INSERT INTO SERVICIOSUSADOS (Servicio,Inmueble,Reserva) VALUES ('23','45','855');
INSERT INTO SERVICIOSUSADOS (Servicio,Inmueble,Reserva) VALUES ('15','21','855');
INSERT INTO SERVICIOSUSADOS (Servicio,Inmueble,Reserva) VALUES ('12','9','356');
INSERT INTO SERVICIOSUSADOS (Servicio,Inmueble,Reserva) VALUES ('14','5','575');
INSERT INTO SERVICIOSUSADOS (Servicio,Inmueble,Reserva) VALUES ('22','7','718');
INSERT INTO SERVICIOSUSADOS (Servicio,Inmueble,Reserva) VALUES ('21','9','587');
INSERT INTO SERVICIOSUSADOS (Servicio,Inmueble,Reserva) VALUES ('9','28','126');
INSERT INTO SERVICIOSUSADOS (Servicio,Inmueble,Reserva) VALUES ('3','15','720');
INSERT INTO SERVICIOSUSADOS (Servicio,Inmueble,Reserva) VALUES ('16','38','751');
INSERT INTO SERVICIOSUSADOS (Servicio,Inmueble,Reserva) VALUES ('11','13','372');
INSERT INTO SERVICIOSUSADOS (Servicio,Inmueble,Reserva) VALUES ('15','38','783');
INSERT INTO SERVICIOSUSADOS (Servicio,Inmueble,Reserva) VALUES ('11','19','300');
INSERT INTO SERVICIOSUSADOS (Servicio,Inmueble,Reserva) VALUES ('11','27','880');
INSERT INTO SERVICIOSUSADOS (Servicio,Inmueble,Reserva) VALUES ('19','13','193');
INSERT INTO SERVICIOSUSADOS (Servicio,Inmueble,Reserva) VALUES ('4','5','720');
INSERT INTO SERVICIOSUSADOS (Servicio,Inmueble,Reserva) VALUES ('22','24','948');
INSERT INTO SERVICIOSUSADOS (Servicio,Inmueble,Reserva) VALUES ('16','35','972');
INSERT INTO SERVICIOSUSADOS (Servicio,Inmueble,Reserva) VALUES ('2','12','884');
INSERT INTO SERVICIOSUSADOS (Servicio,Inmueble,Reserva) VALUES ('14','47','356');
INSERT INTO SERVICIOSUSADOS (Servicio,Inmueble,Reserva) VALUES ('6','24','572');
INSERT INTO SERVICIOSUSADOS (Servicio,Inmueble,Reserva) VALUES ('5','6','372');
INSERT INTO SERVICIOSUSADOS (Servicio,Inmueble,Reserva) VALUES ('11','21','160');
INSERT INTO SERVICIOSUSADOS (Servicio,Inmueble,Reserva) VALUES ('16','47','262');
INSERT INTO SERVICIOSUSADOS (Servicio,Inmueble,Reserva) VALUES ('21','9','224');
INSERT INTO SERVICIOSUSADOS (Servicio,Inmueble,Reserva) VALUES ('12','26','193');
INSERT INTO SERVICIOSUSADOS (Servicio,Inmueble,Reserva) VALUES ('19','9','796');
INSERT INTO SERVICIOSUSADOS (Servicio,Inmueble,Reserva) VALUES ('22','15','796');
INSERT INTO SERVICIOSUSADOS (Servicio,Inmueble,Reserva) VALUES ('1','33','748');
INSERT INTO SERVICIOSUSADOS (Servicio,Inmueble,Reserva) VALUES ('19','25','429');
INSERT INTO SERVICIOSUSADOS (Servicio,Inmueble,Reserva) VALUES ('10','1','213');
INSERT INTO SERVICIOSUSADOS (Servicio,Inmueble,Reserva) VALUES ('6','16','240');
INSERT INTO SERVICIOSUSADOS (Servicio,Inmueble,Reserva) VALUES ('11','17','435');
INSERT INTO SERVICIOSUSADOS (Servicio,Inmueble,Reserva) VALUES ('11','40','743');
INSERT INTO SERVICIOSUSADOS (Servicio,Inmueble,Reserva) VALUES ('11','34','160');
INSERT INTO SERVICIOSUSADOS (Servicio,Inmueble,Reserva) VALUES ('17','24','204');
INSERT INTO SERVICIOSUSADOS (Servicio,Inmueble,Reserva) VALUES ('15','21','440');
INSERT INTO SERVICIOSUSADOS (Servicio,Inmueble,Reserva) VALUES ('7','23','948');
INSERT INTO SERVICIOSUSADOS (Servicio,Inmueble,Reserva) VALUES ('22','35','314');
INSERT INTO SERVICIOSUSADOS (Servicio,Inmueble,Reserva) VALUES ('1','41','884');
INSERT INTO SERVICIOSUSADOS (Servicio,Inmueble,Reserva) VALUES ('3','16','182');
INSERT INTO SERVICIOSUSADOS (Servicio,Inmueble,Reserva) VALUES ('1','25','964');
INSERT INTO SERVICIOSUSADOS (Servicio,Inmueble,Reserva) VALUES ('8','36','259');
INSERT INTO SERVICIOSUSADOS (Servicio,Inmueble,Reserva) VALUES ('11','23','488');
INSERT INTO SERVICIOSUSADOS (Servicio,Inmueble,Reserva) VALUES ('11','19','182');
INSERT INTO SERVICIOSUSADOS (Servicio,Inmueble,Reserva) VALUES ('23','41','783');
INSERT INTO SERVICIOSUSADOS (Servicio,Inmueble,Reserva) VALUES ('11','33','236');
INSERT INTO SERVICIOSUSADOS (Servicio,Inmueble,Reserva) VALUES ('10','32','708');
INSERT INTO SERVICIOSUSADOS (Servicio,Inmueble,Reserva) VALUES ('15','6','372');
INSERT INTO SERVICIOSUSADOS (Servicio,Inmueble,Reserva) VALUES ('5','4','523');
INSERT INTO SERVICIOSUSADOS (Servicio,Inmueble,Reserva) VALUES ('5','12','948');
INSERT INTO SERVICIOSUSADOS (Servicio,Inmueble,Reserva) VALUES ('10','6','751');
INSERT INTO SERVICIOSUSADOS (Servicio,Inmueble,Reserva) VALUES ('17','47','891');
INSERT INTO SERVICIOSUSADOS (Servicio,Inmueble,Reserva) VALUES ('19','13','126');
INSERT INTO SERVICIOSUSADOS (Servicio,Inmueble,Reserva) VALUES ('12','50','767');
INSERT INTO SERVICIOSUSADOS (Servicio,Inmueble,Reserva) VALUES ('5','31','356');
INSERT INTO SERVICIOSUSADOS (Servicio,Inmueble,Reserva) VALUES ('15','50','337');
INSERT INTO SERVICIOSUSADOS (Servicio,Inmueble,Reserva) VALUES ('19','19','941');
INSERT INTO SERVICIOSUSADOS (Servicio,Inmueble,Reserva) VALUES ('17','24','126');
INSERT INTO SERVICIOSUSADOS (Servicio,Inmueble,Reserva) VALUES ('8','9','112');
INSERT INTO SERVICIOSUSADOS (Servicio,Inmueble,Reserva) VALUES ('5','6','777');
INSERT INTO SERVICIOSUSADOS (Servicio,Inmueble,Reserva) VALUES ('2','17','114');
INSERT INTO SERVICIOSUSADOS (Servicio,Inmueble,Reserva) VALUES ('6','12','964');
INSERT INTO SERVICIOSUSADOS (Servicio,Inmueble,Reserva) VALUES ('3','33','314');
INSERT INTO SERVICIOSUSADOS (Servicio,Inmueble,Reserva) VALUES ('21','9','281');
INSERT INTO SERVICIOSUSADOS (Servicio,Inmueble,Reserva) VALUES ('13','17','243');
INSERT INTO SERVICIOSUSADOS (Servicio,Inmueble,Reserva) VALUES ('18','12','671');
INSERT INTO SERVICIOSUSADOS (Servicio,Inmueble,Reserva) VALUES ('10','8','658');
INSERT INTO SERVICIOSUSADOS (Servicio,Inmueble,Reserva) VALUES ('8','41','175');
INSERT INTO SERVICIOSUSADOS (Servicio,Inmueble,Reserva) VALUES ('6','14','825');
INSERT INTO SERVICIOSUSADOS (Servicio,Inmueble,Reserva) VALUES ('18','37','575');
INSERT INTO SERVICIOSUSADOS (Servicio,Inmueble,Reserva) VALUES ('11','47','718');
INSERT INTO SERVICIOSUSADOS (Servicio,Inmueble,Reserva) VALUES ('11','26','114');
INSERT INTO SERVICIOSUSADOS (Servicio,Inmueble,Reserva) VALUES ('23','17','372');
INSERT INTO SERVICIOSUSADOS (Servicio,Inmueble,Reserva) VALUES ('10','13','471');
INSERT INTO SERVICIOSUSADOS (Servicio,Inmueble,Reserva) VALUES ('2','20','356');
INSERT INTO SERVICIOSUSADOS (Servicio,Inmueble,Reserva) VALUES ('6','5','523');
INSERT INTO SERVICIOSUSADOS (Servicio,Inmueble,Reserva) VALUES ('2','12','206');
INSERT INTO SERVICIOSUSADOS (Servicio,Inmueble,Reserva) VALUES ('20','49','587');
INSERT INTO SERVICIOSUSADOS (Servicio,Inmueble,Reserva) VALUES ('1','33','204');
INSERT INTO SERVICIOSUSADOS (Servicio,Inmueble,Reserva) VALUES ('12','3','114');
INSERT INTO SERVICIOSUSADOS (Servicio,Inmueble,Reserva) VALUES ('2','48','950');
INSERT INTO SERVICIOSUSADOS (Servicio,Inmueble,Reserva) VALUES ('10','24','612');
INSERT INTO SERVICIOSUSADOS (Servicio,Inmueble,Reserva) VALUES ('14','47','668');
INSERT INTO SERVICIOSUSADOS (Servicio,Inmueble,Reserva) VALUES ('1','27','356');
INSERT INTO SERVICIOSUSADOS (Servicio,Inmueble,Reserva) VALUES ('5','12','429');
INSERT INTO SERVICIOSUSADOS (Servicio,Inmueble,Reserva) VALUES ('4','5','458');
INSERT INTO SERVICIOSUSADOS (Servicio,Inmueble,Reserva) VALUES ('8','37','458');
INSERT INTO SERVICIOSUSADOS (Servicio,Inmueble,Reserva) VALUES ('5','40','880');
INSERT INTO SERVICIOSUSADOS (Servicio,Inmueble,Reserva) VALUES ('18','22','126');
INSERT INTO SERVICIOSUSADOS (Servicio,Inmueble,Reserva) VALUES ('1','19','191');
INSERT INTO SERVICIOSUSADOS (Servicio,Inmueble,Reserva) VALUES ('12','9','782');
INSERT INTO SERVICIOSUSADOS (Servicio,Inmueble,Reserva) VALUES ('14','38','855');
INSERT INTO SERVICIOSUSADOS (Servicio,Inmueble,Reserva) VALUES ('11','20','999');
INSERT INTO SERVICIOSUSADOS (Servicio,Inmueble,Reserva) VALUES ('21','17','972');
INSERT INTO SERVICIOSUSADOS (Servicio,Inmueble,Reserva) VALUES ('18','19','175');
INSERT INTO SERVICIOSUSADOS (Servicio,Inmueble,Reserva) VALUES ('15','40','572');
INSERT INTO SERVICIOSUSADOS (Servicio,Inmueble,Reserva) VALUES ('19','13','941');
INSERT INTO SERVICIOSUSADOS (Servicio,Inmueble,Reserva) VALUES ('10','32','565');
INSERT INTO SERVICIOSUSADOS (Servicio,Inmueble,Reserva) VALUES ('17','37','435');
INSERT INTO SERVICIOSUSADOS (Servicio,Inmueble,Reserva) VALUES ('19','23','796');
INSERT INTO SERVICIOSUSADOS (Servicio,Inmueble,Reserva) VALUES ('9','12','825');
INSERT INTO SERVICIOSUSADOS (Servicio,Inmueble,Reserva) VALUES ('5','46','572');
INSERT INTO SERVICIOSUSADOS (Servicio,Inmueble,Reserva) VALUES ('2','5','884');
INSERT INTO SERVICIOSUSADOS (Servicio,Inmueble,Reserva) VALUES ('16','8','504');
INSERT INTO SERVICIOSUSADOS (Servicio,Inmueble,Reserva) VALUES ('4','46','754');
INSERT INTO SERVICIOSUSADOS (Servicio,Inmueble,Reserva) VALUES ('18','23','312');
INSERT INTO SERVICIOSUSADOS (Servicio,Inmueble,Reserva) VALUES ('18','12','199');
INSERT INTO SERVICIOSUSADOS (Servicio,Inmueble,Reserva) VALUES ('5','7','999');
INSERT INTO SERVICIOSUSADOS (Servicio,Inmueble,Reserva) VALUES ('19','25','194');
INSERT INTO SERVICIOSUSADOS (Servicio,Inmueble,Reserva) VALUES ('10','6','440');
INSERT INTO SERVICIOSUSADOS (Servicio,Inmueble,Reserva) VALUES ('10','5','314');
INSERT INTO SERVICIOSUSADOS (Servicio,Inmueble,Reserva) VALUES ('23','19','999');
INSERT INTO SERVICIOSUSADOS (Servicio,Inmueble,Reserva) VALUES ('7','30','720');
INSERT INTO SERVICIOSUSADOS (Servicio,Inmueble,Reserva) VALUES ('9','12','572');
INSERT INTO SERVICIOSUSADOS (Servicio,Inmueble,Reserva) VALUES ('4','46','213');
INSERT INTO SERVICIOSUSADOS (Servicio,Inmueble,Reserva) VALUES ('13','31','880');
INSERT INTO SERVICIOSUSADOS (Servicio,Inmueble,Reserva) VALUES ('19','8','948');
INSERT INTO SERVICIOSUSADOS (Servicio,Inmueble,Reserva) VALUES ('11','13','175');
INSERT INTO SERVICIOSUSADOS (Servicio,Inmueble,Reserva) VALUES ('3','17','458');
INSERT INTO SERVICIOSUSADOS (Servicio,Inmueble,Reserva) VALUES ('10','1','458');
INSERT INTO SERVICIOSUSADOS (Servicio,Inmueble,Reserva) VALUES ('14','5','950');
INSERT INTO SERVICIOSUSADOS (Servicio,Inmueble,Reserva) VALUES ('13','17','916');
INSERT INTO SERVICIOSUSADOS (Servicio,Inmueble,Reserva) VALUES ('5','35','643');
INSERT INTO SERVICIOSUSADOS (Servicio,Inmueble,Reserva) VALUES ('15','38','964');
INSERT INTO SERVICIOSUSADOS (Servicio,Inmueble,Reserva) VALUES ('3','3','825');
INSERT INTO SERVICIOSUSADOS (Servicio,Inmueble,Reserva) VALUES ('22','24','643');
INSERT INTO SERVICIOSUSADOS (Servicio,Inmueble,Reserva) VALUES ('1','17','114');
INSERT INTO SERVICIOSUSADOS (Servicio,Inmueble,Reserva) VALUES ('20','50','948');
INSERT INTO SERVICIOSUSADOS (Servicio,Inmueble,Reserva) VALUES ('11','47','488');
INSERT INTO SERVICIOSUSADOS (Servicio,Inmueble,Reserva) VALUES ('18','19','501');
INSERT INTO SERVICIOSUSADOS (Servicio,Inmueble,Reserva) VALUES ('3','17','985');
INSERT INTO SERVICIOSUSADOS (Servicio,Inmueble,Reserva) VALUES ('7','30','182');
INSERT INTO SERVICIOSUSADOS (Servicio,Inmueble,Reserva) VALUES ('5','25','720');
INSERT INTO SERVICIOSUSADOS (Servicio,Inmueble,Reserva) VALUES ('10','33','985');
INSERT INTO SERVICIOSUSADOS (Servicio,Inmueble,Reserva) VALUES ('12','50','946');
INSERT INTO SERVICIOSUSADOS (Servicio,Inmueble,Reserva) VALUES ('11','39','783');
INSERT INTO SERVICIOSUSADOS (Servicio,Inmueble,Reserva) VALUES ('10','32','891');
INSERT INTO SERVICIOSUSADOS (Servicio,Inmueble,Reserva) VALUES ('4','39','985');
INSERT INTO SERVICIOSUSADOS (Servicio,Inmueble,Reserva) VALUES ('9','12','916');
INSERT INTO SERVICIOSUSADOS (Servicio,Inmueble,Reserva) VALUES ('17','33','884');
INSERT INTO SERVICIOSUSADOS (Servicio,Inmueble,Reserva) VALUES ('6','11','458');
INSERT INTO SERVICIOSUSADOS (Servicio,Inmueble,Reserva) VALUES ('7','30','858');
INSERT INTO SERVICIOSUSADOS (Servicio,Inmueble,Reserva) VALUES ('9','43','174');
INSERT INTO SERVICIOSUSADOS (Servicio,Inmueble,Reserva) VALUES ('11','22','572');
INSERT INTO SERVICIOSUSADOS (Servicio,Inmueble,Reserva) VALUES ('10','8','575');
INSERT INTO SERVICIOSUSADOS (Servicio,Inmueble,Reserva) VALUES ('2','20','501');
INSERT INTO SERVICIOSUSADOS (Servicio,Inmueble,Reserva) VALUES ('22','21','281');
INSERT INTO SERVICIOSUSADOS (Servicio,Inmueble,Reserva) VALUES ('20','11','668');
INSERT INTO SERVICIOSUSADOS (Servicio,Inmueble,Reserva) VALUES ('22','7','336');
INSERT INTO SERVICIOSUSADOS (Servicio,Inmueble,Reserva) VALUES ('5','12','612');
INSERT INTO SERVICIOSUSADOS (Servicio,Inmueble,Reserva) VALUES ('19','8','199');
INSERT INTO SERVICIOSUSADOS (Servicio,Inmueble,Reserva) VALUES ('5','4','587');
INSERT INTO SERVICIOSUSADOS (Servicio,Inmueble,Reserva) VALUES ('16','50','182');
INSERT INTO SERVICIOSUSADOS (Servicio,Inmueble,Reserva) VALUES ('23','45','985');
INSERT INTO SERVICIOSUSADOS (Servicio,Inmueble,Reserva) VALUES ('18','37','429');
INSERT INTO SERVICIOSUSADOS (Servicio,Inmueble,Reserva) VALUES ('20','45','132');
INSERT INTO SERVICIOSUSADOS (Servicio,Inmueble,Reserva) VALUES ('10','13','794');
INSERT INTO SERVICIOSUSADOS (Servicio,Inmueble,Reserva) VALUES ('10','13','259');
INSERT INTO SERVICIOSUSADOS (Servicio,Inmueble,Reserva) VALUES ('9','41','182');
INSERT INTO SERVICIOSUSADOS (Servicio,Inmueble,Reserva) VALUES ('17','41','764');
INSERT INTO SERVICIOSUSADOS (Servicio,Inmueble,Reserva) VALUES ('12','50','572');
INSERT INTO SERVICIOSUSADOS (Servicio,Inmueble,Reserva) VALUES ('18','23','777');
INSERT INTO SERVICIOSUSADOS (Servicio,Inmueble,Reserva) VALUES ('19','50','732');
INSERT INTO SERVICIOSUSADOS (Servicio,Inmueble,Reserva) VALUES ('17','34','668');
INSERT INTO SERVICIOSUSADOS (Servicio,Inmueble,Reserva) VALUES ('14','47','981');
INSERT INTO SERVICIOSUSADOS (Servicio,Inmueble,Reserva) VALUES ('18','10','587');
INSERT INTO SERVICIOSUSADOS (Servicio,Inmueble,Reserva) VALUES ('2','27','884');
INSERT INTO SERVICIOSUSADOS (Servicio,Inmueble,Reserva) VALUES ('6','16','112');
INSERT INTO SERVICIOSUSADOS (Servicio,Inmueble,Reserva) VALUES ('12','45','356');
INSERT INTO SERVICIOSUSADOS (Servicio,Inmueble,Reserva) VALUES ('19','14','175');
INSERT INTO SERVICIOSUSADOS (Servicio,Inmueble,Reserva) VALUES ('5','48','964');
INSERT INTO SERVICIOSUSADOS (Servicio,Inmueble,Reserva) VALUES ('11','21','182');
INSERT INTO SERVICIOSUSADOS (Servicio,Inmueble,Reserva) VALUES ('1','17','941');
INSERT INTO SERVICIOSUSADOS (Servicio,Inmueble,Reserva) VALUES ('5','46','429');
INSERT INTO SERVICIOSUSADOS (Servicio,Inmueble,Reserva) VALUES ('6','28','194');
INSERT INTO SERVICIOSUSADOS (Servicio,Inmueble,Reserva) VALUES ('20','45','743');
INSERT INTO SERVICIOSUSADOS (Servicio,Inmueble,Reserva) VALUES ('10','20','916');
INSERT INTO SERVICIOSUSADOS (Servicio,Inmueble,Reserva) VALUES ('13','34','174');
INSERT INTO SERVICIOSUSADOS (Servicio,Inmueble,Reserva) VALUES ('10','3','206');
INSERT INTO SERVICIOSUSADOS (Servicio,Inmueble,Reserva) VALUES ('17','14','224');
INSERT INTO SERVICIOSUSADOS (Servicio,Inmueble,Reserva) VALUES ('11','27','174');
INSERT INTO SERVICIOSUSADOS (Servicio,Inmueble,Reserva) VALUES ('2','49','891');
INSERT INTO SERVICIOSUSADOS (Servicio,Inmueble,Reserva) VALUES ('10','2','891');
INSERT INTO SERVICIOSUSADOS (Servicio,Inmueble,Reserva) VALUES ('9','29','435');
INSERT INTO SERVICIOSUSADOS (Servicio,Inmueble,Reserva) VALUES ('4','34','825');
INSERT INTO SERVICIOSUSADOS (Servicio,Inmueble,Reserva) VALUES ('10','11','132');
INSERT INTO SERVICIOSUSADOS (Servicio,Inmueble,Reserva) VALUES ('8','5','972');
INSERT INTO SERVICIOSUSADOS (Servicio,Inmueble,Reserva) VALUES ('17','34','708');
INSERT INTO SERVICIOSUSADOS (Servicio,Inmueble,Reserva) VALUES ('18','30','259');
INSERT INTO SERVICIOSUSADOS (Servicio,Inmueble,Reserva) VALUES ('7','7','985');
INSERT INTO SERVICIOSUSADOS (Servicio,Inmueble,Reserva) VALUES ('1','25','175');
INSERT INTO SERVICIOSUSADOS (Servicio,Inmueble,Reserva) VALUES ('15','15','708');
INSERT INTO SERVICIOSUSADOS (Servicio,Inmueble,Reserva) VALUES ('17','14','720');
INSERT INTO SERVICIOSUSADOS (Servicio,Inmueble,Reserva) VALUES ('8','36','488');
INSERT INTO SERVICIOSUSADOS (Servicio,Inmueble,Reserva) VALUES ('20','11','262');
INSERT INTO SERVICIOSUSADOS (Servicio,Inmueble,Reserva) VALUES ('6','12','458');
INSERT INTO SERVICIOSUSADOS (Servicio,Inmueble,Reserva) VALUES ('11','47','114');
INSERT INTO SERVICIOSUSADOS (Servicio,Inmueble,Reserva) VALUES ('23','17','880');
INSERT INTO SERVICIOSUSADOS (Servicio,Inmueble,Reserva) VALUES ('11','19','504');
INSERT INTO SERVICIOSUSADOS (Servicio,Inmueble,Reserva) VALUES ('3','18','182');
INSERT INTO SERVICIOSUSADOS (Servicio,Inmueble,Reserva) VALUES ('5','39','782');
INSERT INTO SERVICIOSUSADOS (Servicio,Inmueble,Reserva) VALUES ('20','4','950');
INSERT INTO SERVICIOSUSADOS (Servicio,Inmueble,Reserva) VALUES ('5','39','501');
INSERT INTO SERVICIOSUSADOS (Servicio,Inmueble,Reserva) VALUES ('19','25','206');
INSERT INTO SERVICIOSUSADOS (Servicio,Inmueble,Reserva) VALUES ('1','1','671');
INSERT INTO SERVICIOSUSADOS (Servicio,Inmueble,Reserva) VALUES ('19','9','587');
INSERT INTO SERVICIOSUSADOS (Servicio,Inmueble,Reserva) VALUES ('23','37','488');
INSERT INTO SERVICIOSUSADOS (Servicio,Inmueble,Reserva) VALUES ('6','17','825');
INSERT INTO SERVICIOSUSADOS (Servicio,Inmueble,Reserva) VALUES ('13','4','259');
INSERT INTO SERVICIOSUSADOS (Servicio,Inmueble,Reserva) VALUES ('22','26','240');
INSERT INTO SERVICIOSUSADOS (Servicio,Inmueble,Reserva) VALUES ('19','19','587');
INSERT INTO SERVICIOSUSADOS (Servicio,Inmueble,Reserva) VALUES ('6','16','488');
INSERT INTO SERVICIOSUSADOS (Servicio,Inmueble,Reserva) VALUES ('5','48','718');
INSERT INTO SERVICIOSUSADOS (Servicio,Inmueble,Reserva) VALUES ('14','38','337');
INSERT INTO SERVICIOSUSADOS (Servicio,Inmueble,Reserva) VALUES ('17','33','174');
INSERT INTO SERVICIOSUSADOS (Servicio,Inmueble,Reserva) VALUES ('16','8','281');
INSERT INTO SERVICIOSUSADOS (Servicio,Inmueble,Reserva) VALUES ('22','36','112');
INSERT INTO SERVICIOSUSADOS (Servicio,Inmueble,Reserva) VALUES ('3','3','985');
INSERT INTO SERVICIOSUSADOS (Servicio,Inmueble,Reserva) VALUES ('11','33','336');
INSERT INTO SERVICIOSUSADOS (Servicio,Inmueble,Reserva) VALUES ('15','15','941');
INSERT INTO SERVICIOSUSADOS (Servicio,Inmueble,Reserva) VALUES ('14','50','194');
INSERT INTO SERVICIOSUSADOS (Servicio,Inmueble,Reserva) VALUES ('3','44','964');
INSERT INTO SERVICIOSUSADOS (Servicio,Inmueble,Reserva) VALUES ('9','27','435');
INSERT INTO SERVICIOSUSADOS (Servicio,Inmueble,Reserva) VALUES ('19','8','114');
INSERT INTO SERVICIOSUSADOS (Servicio,Inmueble,Reserva) VALUES ('6','38','193');
INSERT INTO SERVICIOSUSADOS (Servicio,Inmueble,Reserva) VALUES ('22','2','720');
INSERT INTO SERVICIOSUSADOS (Servicio,Inmueble,Reserva) VALUES ('16','9','429');
INSERT INTO SERVICIOSUSADOS (Servicio,Inmueble,Reserva) VALUES ('23','19','668');
INSERT INTO SERVICIOSUSADOS (Servicio,Inmueble,Reserva) VALUES ('9','20','501');
INSERT INTO SERVICIOSUSADOS (Servicio,Inmueble,Reserva) VALUES ('1','28','891');
INSERT INTO SERVICIOSUSADOS (Servicio,Inmueble,Reserva) VALUES ('17','19','668');
INSERT INTO SERVICIOSUSADOS (Servicio,Inmueble,Reserva) VALUES ('23','19','337');
INSERT INTO SERVICIOSUSADOS (Servicio,Inmueble,Reserva) VALUES ('10','20','356');
INSERT INTO SERVICIOSUSADOS (Servicio,Inmueble,Reserva) VALUES ('8','36','794');
INSERT INTO SERVICIOSUSADOS (Servicio,Inmueble,Reserva) VALUES ('9','24','501');
INSERT INTO SERVICIOSUSADOS (Servicio,Inmueble,Reserva) VALUES ('23','25','754');
INSERT INTO SERVICIOSUSADOS (Servicio,Inmueble,Reserva) VALUES ('4','7','193');
INSERT INTO SERVICIOSUSADOS (Servicio,Inmueble,Reserva) VALUES ('1','27','612');
INSERT INTO SERVICIOSUSADOS (Servicio,Inmueble,Reserva) VALUES ('9','28','591');
INSERT INTO SERVICIOSUSADOS (Servicio,Inmueble,Reserva) VALUES ('13','32','204');
INSERT INTO SERVICIOSUSADOS (Servicio,Inmueble,Reserva) VALUES ('22','6','777');
INSERT INTO SERVICIOSUSADOS (Servicio,Inmueble,Reserva) VALUES ('23','6','985');
INSERT INTO SERVICIOSUSADOS (Servicio,Inmueble,Reserva) VALUES ('2','5','160');
INSERT INTO SERVICIOSUSADOS (Servicio,Inmueble,Reserva) VALUES ('22','36','858');
INSERT INTO SERVICIOSUSADOS (Servicio,Inmueble,Reserva) VALUES ('18','23','356');
INSERT INTO SERVICIOSUSADOS (Servicio,Inmueble,Reserva) VALUES ('12','50','718');
INSERT INTO SERVICIOSUSADOS (Servicio,Inmueble,Reserva) VALUES ('9','38','199');
INSERT INTO SERVICIOSUSADOS (Servicio,Inmueble,Reserva) VALUES ('10','12','274');
INSERT INTO SERVICIOSUSADOS (Servicio,Inmueble,Reserva) VALUES ('10','1','807');
INSERT INTO SERVICIOSUSADOS (Servicio,Inmueble,Reserva) VALUES ('7','37','794');
INSERT INTO SERVICIOSUSADOS (Servicio,Inmueble,Reserva) VALUES ('14','14','213');
INSERT INTO SERVICIOSUSADOS (Servicio,Inmueble,Reserva) VALUES ('13','4','356');
INSERT INTO SERVICIOSUSADOS (Servicio,Inmueble,Reserva) VALUES ('18','23','855');
INSERT INTO SERVICIOSUSADOS (Servicio,Inmueble,Reserva) VALUES ('6','24','732');
INSERT INTO SERVICIOSUSADOS (Servicio,Inmueble,Reserva) VALUES ('22','42','671');
INSERT INTO SERVICIOSUSADOS (Servicio,Inmueble,Reserva) VALUES ('10','24','204');
INSERT INTO SERVICIOSUSADOS (Servicio,Inmueble,Reserva) VALUES ('22','45','440');
INSERT INTO SERVICIOSUSADOS (Servicio,Inmueble,Reserva) VALUES ('8','5','160');
INSERT INTO SERVICIOSUSADOS (Servicio,Inmueble,Reserva) VALUES ('10','35','182');
INSERT INTO SERVICIOSUSADOS (Servicio,Inmueble,Reserva) VALUES ('19','13','891');
INSERT INTO SERVICIOSUSADOS (Servicio,Inmueble,Reserva) VALUES ('8','2','194');
INSERT INTO SERVICIOSUSADOS (Servicio,Inmueble,Reserva) VALUES ('22','2','174');
INSERT INTO SERVICIOSUSADOS (Servicio,Inmueble,Reserva) VALUES ('16','38','213');
INSERT INTO SERVICIOSUSADOS (Servicio,Inmueble,Reserva) VALUES ('19','14','194');
INSERT INTO SERVICIOSUSADOS (Servicio,Inmueble,Reserva) VALUES ('2','21','238');
INSERT INTO SERVICIOSUSADOS (Servicio,Inmueble,Reserva) VALUES ('18','23','858');
INSERT INTO SERVICIOSUSADOS (Servicio,Inmueble,Reserva) VALUES ('16','48','796');
INSERT INTO SERVICIOSUSADOS (Servicio,Inmueble,Reserva) VALUES ('11','23','941');
INSERT INTO SERVICIOSUSADOS (Servicio,Inmueble,Reserva) VALUES ('11','23','132');
INSERT INTO SERVICIOSUSADOS (Servicio,Inmueble,Reserva) VALUES ('20','7','160');
INSERT INTO SERVICIOSUSADOS (Servicio,Inmueble,Reserva) VALUES ('6','18','591');
INSERT INTO SERVICIOSUSADOS (Servicio,Inmueble,Reserva) VALUES ('2','12','182');
INSERT INTO SERVICIOSUSADOS (Servicio,Inmueble,Reserva) VALUES ('15','38','300');
INSERT INTO SERVICIOSUSADOS (Servicio,Inmueble,Reserva) VALUES ('17','24','572');
INSERT INTO SERVICIOSUSADOS (Servicio,Inmueble,Reserva) VALUES ('5','39','160');
INSERT INTO SERVICIOSUSADOS (Servicio,Inmueble,Reserva) VALUES ('9','28','718');
INSERT INTO SERVICIOSUSADOS (Servicio,Inmueble,Reserva) VALUES ('7','37','501');


INSERT INTO HABITACION (Id,Tipo,Capacidad,Compartida) VALUES ('1','Estandar',8,'True');
INSERT INTO HABITACION (Id,Tipo,Capacidad,Compartida) VALUES ('2','Suite',4,'False');
INSERT INTO HABITACION (Id,Tipo,Capacidad,Compartida) VALUES ('3','Suite',5,'False');
INSERT INTO HABITACION (Id,Tipo,Capacidad,Compartida) VALUES ('4','Suite',10,'False');
INSERT INTO HABITACION (Id,Tipo,Capacidad,Compartida) VALUES ('5','Semisuite',7,'True');
INSERT INTO HABITACION (Id,Tipo,Capacidad,Compartida) VALUES ('6','Estandar',3,'False');
INSERT INTO HABITACION (Id,Tipo,Capacidad,Compartida) VALUES ('7','Estandar',9,'True');
INSERT INTO HABITACION (Id,Tipo,Capacidad,Compartida) VALUES ('8','Semisuite',2,'False');
INSERT INTO HABITACION (Id,Tipo,Capacidad,Compartida) VALUES ('9','Suite',10,'False');
INSERT INTO HABITACION (Id,Tipo,Capacidad,Compartida) VALUES ('10','Estandar',7,'True');
INSERT INTO HABITACION (Id,Tipo,Capacidad,Compartida) VALUES ('11','Suite',1,'True');
INSERT INTO HABITACION (Id,Tipo,Capacidad,Compartida) VALUES ('12','Estandar',8,'False');
INSERT INTO HABITACION (Id,Tipo,Capacidad,Compartida) VALUES ('13','Suite',1,'False');
INSERT INTO HABITACION (Id,Tipo,Capacidad,Compartida) VALUES ('14','Semisuite',1,'True');
INSERT INTO HABITACION (Id,Tipo,Capacidad,Compartida) VALUES ('15','Semisuite',5,'False');
INSERT INTO HABITACION (Id,Tipo,Capacidad,Compartida) VALUES ('16','Semisuite',7,'False');
INSERT INTO HABITACION (Id,Tipo,Capacidad,Compartida) VALUES ('17','Semisuite',6,'True');
INSERT INTO HABITACION (Id,Tipo,Capacidad,Compartida) VALUES ('18','Semisuite',1,'False');
INSERT INTO HABITACION (Id,Tipo,Capacidad,Compartida) VALUES ('19','Suite',8,'False');
INSERT INTO HABITACION (Id,Tipo,Capacidad,Compartida) VALUES ('20','Suite',3,'False');
INSERT INTO HABITACION (Id,Tipo,Capacidad,Compartida) VALUES ('21','Semisuite',10,'True');
INSERT INTO HABITACION (Id,Tipo,Capacidad,Compartida) VALUES ('22','Semisuite',9,'False');
INSERT INTO HABITACION (Id,Tipo,Capacidad,Compartida) VALUES ('23','Suite',6,'True');
INSERT INTO HABITACION (Id,Tipo,Capacidad,Compartida) VALUES ('24','Semisuite',9,'True');
INSERT INTO HABITACION (Id,Tipo,Capacidad,Compartida) VALUES ('25','Estandar',3,'True');
INSERT INTO HABITACION (Id,Tipo,Capacidad,Compartida) VALUES ('26','Semisuite',7,'True');
INSERT INTO HABITACION (Id,Tipo,Capacidad,Compartida) VALUES ('27','Semisuite',8,'True');
INSERT INTO HABITACION (Id,Tipo,Capacidad,Compartida) VALUES ('28','Suite',6,'True');
INSERT INTO HABITACION (Id,Tipo,Capacidad,Compartida) VALUES ('29','Estandar',5,'False');
INSERT INTO HABITACION (Id,Tipo,Capacidad,Compartida) VALUES ('30','Semisuite',10,'False');


INSERT INTO APARTAMENTO (Id,CantHabitaciones,Amoblado) VALUES ('31',4,'True');
INSERT INTO APARTAMENTO (Id,CantHabitaciones,Amoblado) VALUES ('32',1,'False');
INSERT INTO APARTAMENTO (Id,CantHabitaciones,Amoblado) VALUES ('33',2,'True');
INSERT INTO APARTAMENTO (Id,CantHabitaciones,Amoblado) VALUES ('34',4,'False');
INSERT INTO APARTAMENTO (Id,CantHabitaciones,Amoblado) VALUES ('35',3,'True');
INSERT INTO APARTAMENTO (Id,CantHabitaciones,Amoblado) VALUES ('36',5,'True');
INSERT INTO APARTAMENTO (Id,CantHabitaciones,Amoblado) VALUES ('37',3,'False');
INSERT INTO APARTAMENTO (Id,CantHabitaciones,Amoblado) VALUES ('38',5,'False');
INSERT INTO APARTAMENTO (Id,CantHabitaciones,Amoblado) VALUES ('39',3,'True');
INSERT INTO APARTAMENTO (Id,CantHabitaciones,Amoblado) VALUES ('40',2,'False');


INSERT INTO CASA (Id,CantHabitaciones,Seguro) VALUES ('41',7,'Quisque Nullam vel odio Suspendisse quis sed aliquet dapibus gravida parturient purus id Duis morbi commodo euismod non pellentesque penatibus Sed mus');
INSERT INTO CASA (Id,CantHabitaciones,Seguro) VALUES ('42',8,'Sed rutrum libero ipsum est cursus sociosqu porta dolor semper molestie pretium cursus mus eu ornare sem ad egestas');
INSERT INTO CASA (Id,CantHabitaciones,Seguro) VALUES ('43',4,'Vivamus auctor metus fringilla imperdiet ac risus ultrices rhoncus posuere netus mollis risus at varius');
INSERT INTO CASA (Id,CantHabitaciones,Seguro) VALUES ('44',3,'Nam Suspendisse tellus In Vivamus nostra ullamcorper ipsum dictum Phasellus Sed urna ligula Praesent eget condimentum');
INSERT INTO CASA (Id,CantHabitaciones,Seguro) VALUES ('45',10,'bibendum elit dis sagittis feugiat ultricies Suspendisse massa sem Curabitur nunc suscipit Integer ultricies turpis aliquet interdum');
INSERT INTO CASA (Id,CantHabitaciones,Seguro) VALUES ('46',9,'eleifend nulla netus commodo torquent Curabitur vitae interdum nec aliquet commodo a ultrices auctor Mauris tellus sed placerat tortor Duis a faucibus tellus tempor placerat Curabitur velit rutrum');
INSERT INTO CASA (Id,CantHabitaciones,Seguro) VALUES ('47',5,'gravida egestas non Morbi vitae ut molestie eros mattis laoreet porta lacinia natoque vulputate volutpat habitant luctus Sed bibendum Nam turpis magna fermentum netus aliquam vitae Suspendisse magnis feugiat');
INSERT INTO CASA (Id,CantHabitaciones,Seguro) VALUES ('48',5,'tristique Ut eleifend scelerisque diam tellus netus consectetuer condimentum tristique Proin venenatis Class egestas Cras Praesent dis inceptos Cum blandit mauris scelerisque vehicula volutpat lectus rhoncus nibh felis eros taciti');
INSERT INTO CASA (Id,CantHabitaciones,Seguro) VALUES ('49',6,'mi lorem varius vulputate aliquet Cras pulvinar Vestibulum tellus quis Praesent nunc');
INSERT INTO CASA (Id,CantHabitaciones,Seguro) VALUES ('50',2,'consequat hendrerit nec Nullam penatibus velit Praesent nisi vulputate magna fermentum Duis dapibus primis aptent accumsan iaculis Phasellus nec Praesent volutpat in Etiam');


INSERT INTO PERSONANATURAL (Id,Correo,Telefono) VALUES ('20889','Norman@odio.us','4971392');
INSERT INTO PERSONANATURAL (Id,Correo,Telefono) VALUES ('66613','William@libero.gov','9548347');
INSERT INTO PERSONANATURAL (Id,Correo,Telefono) VALUES ('54973','Forrest@senectus.gov','1511136');
INSERT INTO PERSONANATURAL (Id,Correo,Telefono) VALUES ('90619','Bree@accumsan.org','2914784');
INSERT INTO PERSONANATURAL (Id,Correo,Telefono) VALUES ('96780','Yoshio@fermentum.edu','6948205');
INSERT INTO PERSONANATURAL (Id,Correo,Telefono) VALUES ('43634','Caryn@hendrerit.us','5963300');
INSERT INTO PERSONANATURAL (Id,Correo,Telefono) VALUES ('92540','Candace@ligula.org','8008336');
INSERT INTO PERSONANATURAL (Id,Correo,Telefono) VALUES ('20302','Helen@velit.edu','2172147');
INSERT INTO PERSONANATURAL (Id,Correo,Telefono) VALUES ('24057','Rafael@posuere.org','1263377');
INSERT INTO PERSONANATURAL (Id,Correo,Telefono) VALUES ('45111','Leigh@at.org','4546551');
INSERT INTO PERSONANATURAL (Id,Correo,Telefono) VALUES ('11910','Beau@torquent.us','4913477');
INSERT INTO PERSONANATURAL (Id,Correo,Telefono) VALUES ('88087','Plato@cubilia.us','5056738');
INSERT INTO PERSONANATURAL (Id,Correo,Telefono) VALUES ('87516','Lawrence@Curae.org','4089586');
INSERT INTO PERSONANATURAL (Id,Correo,Telefono) VALUES ('62728','Mara@elementum.com','7304242');
INSERT INTO PERSONANATURAL (Id,Correo,Telefono) VALUES ('31193','Odessa@posuere.us','7040678');
INSERT INTO PERSONANATURAL (Id,Correo,Telefono) VALUES ('94064','Benjamin@lectus.net','1687976');
INSERT INTO PERSONANATURAL (Id,Correo,Telefono) VALUES ('24361','Gannon@Sed.edu','5981831');
INSERT INTO PERSONANATURAL (Id,Correo,Telefono) VALUES ('47921','Dexter@accumsan.com','1544775');
INSERT INTO PERSONANATURAL (Id,Correo,Telefono) VALUES ('76148','Eve@condimentum.org','8861727');
INSERT INTO PERSONANATURAL (Id,Correo,Telefono) VALUES ('39790','Veronica@in.edu','1166407');


INSERT INTO HOSTAL (Id,CantHabitaciones,RegistroCamaraComercio,RegistroSuperintendencia,HoraApertura,HoraCierre) VALUES ('43685',12,'4163145','1643352','07:30:00','23:00:00');
INSERT INTO HOSTAL (Id,CantHabitaciones,RegistroCamaraComercio,RegistroSuperintendencia,HoraApertura,HoraCierre) VALUES ('49435',12,'7591786','1306498','07:00:00','21:00:00');
INSERT INTO HOSTAL (Id,CantHabitaciones,RegistroCamaraComercio,RegistroSuperintendencia,HoraApertura,HoraCierre) VALUES ('85470',16,'4541414','2531653','07:00:00','22:30:00');
INSERT INTO HOSTAL (Id,CantHabitaciones,RegistroCamaraComercio,RegistroSuperintendencia,HoraApertura,HoraCierre) VALUES ('19178',17,'6562044','2378217','07:00:00','22:00:00');
INSERT INTO HOSTAL (Id,CantHabitaciones,RegistroCamaraComercio,RegistroSuperintendencia,HoraApertura,HoraCierre) VALUES ('42001',14,'5913158','5294175','06:00:00','23:00:00');
INSERT INTO HOSTAL (Id,CantHabitaciones,RegistroCamaraComercio,RegistroSuperintendencia,HoraApertura,HoraCierre) VALUES ('72707',13,'397796','4474085','07:00:00','22:30:00');
INSERT INTO HOSTAL (Id,CantHabitaciones,RegistroCamaraComercio,RegistroSuperintendencia,HoraApertura,HoraCierre) VALUES ('35951',20,'1039282','4368077','07:00:00','21:30:00');


INSERT INTO HOTEL (Id,CantHabitaciones,RegistroCamaraComercio,RegistroSuperintendencia) VALUES ('99341',39,'7556138','3783277');
INSERT INTO HOTEL (Id,CantHabitaciones,RegistroCamaraComercio,RegistroSuperintendencia) VALUES ('21049',35,'307938','4526604');
INSERT INTO HOTEL (Id,CantHabitaciones,RegistroCamaraComercio,RegistroSuperintendencia) VALUES ('26831',37,'9796836','9526341');
INSERT INTO HOTEL (Id,CantHabitaciones,RegistroCamaraComercio,RegistroSuperintendencia) VALUES ('44533',34,'374640','6896725');
INSERT INTO HOTEL (Id,CantHabitaciones,RegistroCamaraComercio,RegistroSuperintendencia) VALUES ('68039',31,'2139590','3434490');
INSERT INTO HOTEL (Id,CantHabitaciones,RegistroCamaraComercio,RegistroSuperintendencia) VALUES ('75464',40,'4062758','5736820');
INSERT INTO HOTEL (Id,CantHabitaciones,RegistroCamaraComercio,RegistroSuperintendencia) VALUES ('16933',24,'4782921','3615804');


INSERT INTO VIVIENDAUNIVERSITARIA (Id,CantHabitaciones) VALUES ('75878',100);
INSERT INTO VIVIENDAUNIVERSITARIA (Id,CantHabitaciones) VALUES ('23195',120);
INSERT INTO VIVIENDAUNIVERSITARIA (Id,CantHabitaciones) VALUES ('69341',95);
INSERT INTO VIVIENDAUNIVERSITARIA (Id,CantHabitaciones) VALUES ('68692',80);
INSERT INTO VIVIENDAUNIVERSITARIA (Id,CantHabitaciones) VALUES ('30323',100);
INSERT INTO VIVIENDAUNIVERSITARIA (Id,CantHabitaciones) VALUES ('18223',110);


